Time,Device name,Acceleration X(g),Acceleration Y(g),Acceleration Z(g),X acceleration amplitude(g),Y acceleration amplitude(g),Z acceleration amplitude(g),X velocity amplitude(mm/s),Y velocity amplitude(mm/s),Z velocity amplitude(mm/s),X displacement amplitude(um),Y displacement amplitude(um),Z displacement amplitude(um),X frequency vibration frequency(Hz),Y frequency vibration frequency(Hz),Z frequency vibration frequency(Hz),Chip Time(),Temperature(℃),Version number()
 22:19:27.079,d3936a3e-b5f0-4115-b0f6-a014a23744d3, 0.7827, 0.6245, 0.1211, 0.9341, 0.6660, 0.2847, 51.92, 33.03, 0.00, 420, 267, 0, 19.6, 19.6, 19.6, 2000-00-00 01:10:37.260, 22.16, 10210.1.22,
 22:19:27.168,d3936a3e-b5f0-4115-b0f6-a014a23744d3, 0.7827, 0.6245, 0.1216, 1.0415, 0.7197, 0.2935, 52.42, 33.35, 0.00, 424, 269, 0, 19.6, 19.6, 19.6, 2000-00-00 01:10:37.350, 21.90, 10210.1.22,
 22:19:27.258,d3936a3e-b5f0-4115-b0f6-a014a23744d3, 0.7827, 0.6245, 0.1216, 1.1890, 0.8608, 0.3066, 54.33, 35.12, 0.00, 439, 284, 0, 19.6, 19.6, 19.6, 2000-00-00 01:10:37.440, 21.97, 10210.1.22,
 22:19:27.346,d3936a3e-b5f0-4115-b0f6-a014a23744d3, 0.7822, 0.6245, 0.1221, 1.2773, 0.9121, 0.3149, 55.12, 36.21, 0.00, 446, 293, 0, 19.6, 19.6, 19.6, 2000-00-00 01:10:37.530, 21.84, 10210.1.22,
 22:19:27.436,d3936a3e-b5f0-4115-b0f6-a014a23744d3, 0.7827, 0.6245, 0.1221, 1.2798, 0.9443, 0.3169, 54.73, 36.89, 0.00, 442, 298, 0, 19.6, 19.6, 19.6, 2000-00-00 01:10:37.615, 21.90, 10210.1.22,
 22:19:27.525,d3936a3e-b5f0-4115-b0f6-a014a23744d3, 0.7827, 0.6245, 0.1226, 1.2969, 0.9434, 0.3198, 55.98, 37.42, 0.00, 453, 302, 0, 19.6, 19.6, 19.6, 2000-00-00 01:10:37.705, 21.90, 10210.1.22,
 22:19:27.614,d3936a3e-b5f0-4115-b0f6-a014a23744d3, 0.7827, 0.6240, 0.1226, 1.2935, 0.9307, 0.3188, 56.71, 37.66, 0.00, 459, 304, 0, 19.6, 19.6, 19.6, 2000-00-00 01:10:37.795, 21.78, 10210.1.22,
 22:19:27.705,d3936a3e-b5f0-4115-b0f6-a014a23744d3, 0.7827, 0.6240, 0.1230, 1.3047, 0.9814, 0.3145, 57.54, 38.64, 0.00, 465, 312, 0, 19.6, 19.6, 19.6, 2000-00-00 01:10:37.885, 22.16, 10210.1.22,
 22:19:27.795,d3936a3e-b5f0-4115-b0f6-a014a23744d3, 0.7832, 0.6240, 0.1230, 1.3086, 1.0029, 0.3301, 58.20, 39.49, 0.00, 471, 319, 0, 19.6, 19.6, 19.6, 2000-00-00 01:10:37.975, 21.84, 10210.1.22,
 22:19:27.885,d3936a3e-b5f0-4115-b0f6-a014a23744d3, 0.7832, 0.6240, 0.1235, 1.3223, 1.0049, 0.3359, 58.09, 39.29, 0.00, 470, 318, 0, 19.6, 19.6, 19.6, 2000-00-00 01:10:38.065, 21.97, 10210.1.22,
 22:19:27.974,d3936a3e-b5f0-4115-b0f6-a014a23744d3, 0.7832, 0.6240, 0.1240, 1.3682, 0.9819, 0.3496, 57.92, 38.62, 0.00, 468, 312, 0, 19.6, 19.6, 19.6, 2000-00-00 01:10:38.155, 21.71, 10210.1.22,
 22:19:28.063,d3936a3e-b5f0-4115-b0f6-a014a23744d3, 0.7837, 0.6240, 0.1240, 1.3682, 0.9819, 0.3496, 57.92, 38.62, 0.00, 468, 312, 0, 19.6, 19.6, 19.6, 2000-00-00 01:10:38.245, 21.90, 10210.1.22,
 22:19:28.152,d3936a3e-b5f0-4115-b0f6-a014a23744d3, 0.7837, 0.6240, 0.1240, 1.3301, 0.9712, 0.3447, 56.96, 38.20, 0.00, 460, 309, 0, 19.6, 19.6, 19.6, 2000-00-00 01:10:38.335, 21.90, 10210.1.22,
 22:19:28.242,d3936a3e-b5f0-4115-b0f6-a014a23744d3, 0.7837, 0.6235, 0.1240, 1.2798, 0.9526, 0.3271, 55.91, 37.21, 0.00, 452, 301, 0, 19.6, 19.6, 19.6, 2000-00-00 01:10:38.425, 21.90, 10210.1.22,
 22:19:28.332,d3936a3e-b5f0-4115-b0f6-a014a23744d3, 0.7842, 0.6235, 0.1245, 1.2554, 0.9526, 0.3188, 55.93, 37.31, 0.00, 452, 301, 0, 19.6, 19.6, 19.6, 2000-00-00 01:10:38.510, 21.65, 10210.1.22,
 22:19:28.421,d3936a3e-b5f0-4115-b0f6-a014a23744d3, 0.7842, 0.6230, 0.1245, 1.2534, 0.9526, 0.3149, 56.04, 37.35, 0.00, 453, 302, 0, 19.6, 19.6, 19.6, 2000-00-00 01:10:38.605, 21.78, 10210.1.22,
 22:19:28.512,d3936a3e-b5f0-4115-b0f6-a014a23744d3, 0.7842, 0.6230, 0.1245, 1.2407, 0.9277, 0.3037, 55.68, 37.05, 0.00, 450, 299, 0, 19.6, 19.6, 19.6, 2000-00-00 01:10:38.690, 21.84, 10210.1.22,
 22:19:28.601,d3936a3e-b5f0-4115-b0f6-a014a23744d3, 0.7847, 0.6230, 0.1250, 1.1162, 0.8657, 0.2881, 53.80, 35.85, 0.00, 435, 290, 0, 19.6, 19.6, 19.6, 2000-00-00 01:10:38.785, 21.97, 10210.1.22,
 22:19:28.691,d3936a3e-b5f0-4115-b0f6-a014a23744d3, 0.7847, 0.6230, 0.1250, 0.9136, 0.7603, 0.2935, 51.63, 33.89, 0.00, 417, 274, 0, 19.6, 19.6, 19.6, 2000-00-00 01:10:38.870, 21.84, 10210.1.22,
 22:19:28.782,d3936a3e-b5f0-4115-b0f6-a014a23744d3, 0.7847, 0.6226, 0.1255, 0.8101, 0.7153, 0.2935, 50.83, 33.41, 0.00, 411, 270, 0, 19.6, 19.6, 19.6, 2000-00-00 01:10:38.960, 21.84, 10210.1.22,
 22:19:28.874,d3936a3e-b5f0-4115-b0f6-a014a23744d3, 0.7847, 0.6226, 0.1255, 0.7583, 0.7065, 0.2852, 50.15, 32.87, 0.00, 405, 266, 0, 19.6, 19.6, 19.6, 2000-00-00 01:10:39.055, 21.90, 10210.1.22,
 22:19:28.962,d3936a3e-b5f0-4115-b0f6-a014a23744d3, 0.7847, 0.6226, 0.1260, 0.7305, 0.6646, 0.2876, 49.95, 32.51, 0.00, 404, 263, 0, 19.6, 19.6, 19.6, 2000-00-00 01:10:39.145, 22.09, 10210.1.22,
 22:19:29.052,d3936a3e-b5f0-4115-b0f6-a014a23744d3, 0.7847, 0.6226, 0.1260, 0.7202, 0.6445, 0.2905, 49.69, 32.27, 0.00, 402, 261, 0, 19.6, 19.6, 19.6, 2000-00-00 01:10:39.235, 21.97, 10210.1.22,
 22:19:29.140,d3936a3e-b5f0-4115-b0f6-a014a23744d3, 0.7847, 0.6226, 0.1260, 0.7202, 0.6445, 0.2905, 49.69, 32.27, 0.00, 402, 261, 0, 19.6, 19.6, 19.6, 2000-00-00 01:10:39.320, 21.84, 10210.1.22,
 22:19:29.228,d3936a3e-b5f0-4115-b0f6-a014a23744d3, 0.7847, 0.6221, 0.1265, 0.7026, 0.6426, 0.2959, 49.45, 31.84, 0.00, 400, 257, 0, 19.6, 19.9, 19.6, 2000-00-00 01:10:39.410, 21.84, 10210.1.22,
 22:19:29.317,d3936a3e-b5f0-4115-b0f6-a014a23744d3, 0.7847, 0.6221, 0.1265, 0.6943, 0.6338, 0.2969, 48.83, 31.47, 0.00, 395, 254, 0, 19.6, 19.9, 19.6, 2000-00-00 01:10:39.495, 21.90, 10210.1.22,
 22:19:29.406,d3936a3e-b5f0-4115-b0f6-a014a23744d3, 0.7847, 0.6221, 0.1265, 0.6934, 0.6294, 0.3037, 48.63, 31.19, 0.00, 393, 252, 0, 19.6, 19.9, 19.6, 2000-00-00 01:10:39.585, 21.84, 10210.1.22,
 22:19:29.496,d3936a3e-b5f0-4115-b0f6-a014a23744d3, 0.7842, 0.6221, 0.1270, 0.7041, 0.6182, 0.2935, 47.98, 30.60, 0.00, 388, 247, 0, 19.6, 19.9, 19.6, 2000-00-00 01:10:39.675, 21.84, 10210.1.22,
 22:19:29.585,d3936a3e-b5f0-4115-b0f6-a014a23744d3, 0.7847, 0.6221, 0.1270, 0.6978, 0.6094, 0.2988, 48.02, 30.72, 0.00, 388, 248, 0, 19.6, 19.9, 19.6, 2000-00-00 01:10:39.765, 21.90, 10210.1.22,
 22:19:29.673,d3936a3e-b5f0-4115-b0f6-a014a23744d3, 0.7842, 0.6221, 0.1274, 0.7197, 0.6177, 0.2905, 48.42, 30.76, 0.00, 391, 248, 0, 19.6, 19.9, 19.6, 2000-00-00 01:10:39.855, 21.90, 10210.1.22,
 22:19:29.762,d3936a3e-b5f0-4115-b0f6-a014a23744d3, 0.7842, 0.6221, 0.1274, 0.7119, 0.6050, 0.2817, 48.38, 30.74, 0.00, 391, 248, 0, 19.6, 19.9, 19.6, 2000-00-00 01:10:39.945, 21.90, 10210.1.22,
 22:19:29.853,d3936a3e-b5f0-4115-b0f6-a014a23744d3, 0.7847, 0.6216, 0.1274, 0.7114, 0.5967, 0.2876, 48.36, 30.95, 0.00, 391, 250, 0, 19.6, 19.9, 19.6, 2000-00-00 01:10:40.030, 21.84, 10210.1.22,
 22:19:29.944,d3936a3e-b5f0-4115-b0f6-a014a23744d3, 0.7847, 0.6216, 0.1279, 0.7197, 0.6016, 0.2773, 48.43, 31.08, 0.00, 391, 251, 0, 19.6, 19.9, 19.6, 2000-00-00 01:10:40.120, 21.90, 10210.1.22,
 22:19:30.036,d3936a3e-b5f0-4115-b0f6-a014a23744d3, 0.7847, 0.6216, 0.1279, 0.7197, 0.6016, 0.2773, 48.43, 31.08, 0.00, 391, 251, 0, 19.6, 19.9, 19.6, 2000-00-00 01:10:40.215, 21.90, 10210.1.22,
 22:19:30.127,d3936a3e-b5f0-4115-b0f6-a014a23744d3, 0.7847, 0.6216, 0.1279, 0.7129, 0.6187, 0.2788, 48.32, 31.40, 0.00, 391, 254, 0, 19.6, 19.9, 19.6, 2000-00-00 01:10:40.305, 21.97, 10210.1.22,
 22:19:30.218,d3936a3e-b5f0-4115-b0f6-a014a23744d3, 0.7847, 0.6216, 0.1284, 0.6997, 0.6211, 0.2813, 47.76, 31.29, 0.00, 381, 250, 0, 19.9, 19.9, 19.6, 2000-00-00 01:10:40.395, 21.90, 10210.1.22,
 22:19:30.309,d3936a3e-b5f0-4115-b0f6-a014a23744d3, 0.7847, 0.6216, 0.1284, 0.6885, 0.6108, 0.2764, 47.52, 31.24, 0.00, 379, 249, 0, 19.9, 19.9, 19.9, 2000-00-00 01:10:40.485, 21.90, 10210.1.22,
 22:19:30.399,d3936a3e-b5f0-4115-b0f6-a014a23744d3, 0.7847, 0.6211, 0.1284, 0.6919, 0.6216, 0.2900, 47.68, 31.54, 0.00, 381, 252, 0, 19.9, 19.9, 19.9, 2000-00-00 01:10:40.580, 22.16, 10210.1.22,
 22:19:30.488,d3936a3e-b5f0-4115-b0f6-a014a23744d3, 0.7847, 0.6211, 0.1289, 0.6948, 0.6484, 0.2783, 47.93, 32.48, 0.00, 383, 259, 0, 19.9, 19.9, 19.9, 2000-00-00 01:10:40.670, 21.78, 10210.1.22,
 22:19:30.577,d3936a3e-b5f0-4115-b0f6-a014a23744d3, 0.7847, 0.6211, 0.1289, 0.7222, 0.6943, 0.2920, 48.14, 31.94, 0.00, 384, 255, 0, 19.9, 19.9, 19.9, 2000-00-00 01:10:40.760, 21.78, 10210.1.22,
 22:19:30.667,d3936a3e-b5f0-4115-b0f6-a014a23744d3, 0.7847, 0.6206, 0.1294, 0.7349, 0.6323, 0.2920, 49.97, 31.72, 0.00, 399, 253, 0, 19.9, 19.9, 19.9, 2000-00-00 01:10:40.845, 21.90, 10210.1.22,
 22:19:30.756,d3936a3e-b5f0-4115-b0f6-a014a23744d3, 0.7852, 0.6206, 0.1299, 0.8174, 0.6367, 0.2974, 51.93, 32.20, 0.00, 415, 257, 0, 19.9, 19.9, 19.9, 2000-00-00 01:10:40.935, 21.78, 10210.1.22,
 22:19:30.845,d3936a3e-b5f0-4115-b0f6-a014a23744d3, 0.7852, 0.6206, 0.1299, 0.8999, 0.6396, 0.3037, 52.86, 31.97, 0.00, 422, 255, 0, 19.9, 19.9, 19.9, 2000-00-00 01:10:41.025, 21.84, 10210.1.22,
 22:19:30.935,d3936a3e-b5f0-4115-b0f6-a014a23744d3, 0.7852, 0.6206, 0.1304, 0.9014, 0.6040, 0.3052, 52.91, 31.52, 0.00, 422, 251, 0, 19.9, 19.9, 19.9, 2000-00-00 01:10:41.115, 21.84, 10210.1.22,
 22:19:31.025,d3936a3e-b5f0-4115-b0f6-a014a23744d3, 0.7852, 0.6201, 0.1309, 0.8682, 0.5830, 0.2900, 52.66, 31.25, 0.00, 420, 249, 0, 19.9, 19.9, 19.9, 2000-00-00 01:10:41.205, 21.78, 10210.1.22,
 22:19:31.116,d3936a3e-b5f0-4115-b0f6-a014a23744d3, 0.7852, 0.6201, 0.1309, 0.8682, 0.5830, 0.2900, 52.66, 31.25, 0.00, 420, 249, 0, 19.9, 19.9, 19.9, 2000-00-00 01:10:41.295, 21.78, 10210.1.22,
 22:19:31.207,d3936a3e-b5f0-4115-b0f6-a014a23744d3, 0.7856, 0.6201, 0.1309, 0.8916, 0.5654, 0.2905, 52.84, 31.35, 0.00, 422, 250, 0, 19.9, 19.9, 19.9, 2000-00-00 01:10:41.385, 21.84, 10210.1.22,
 22:19:31.298,d3936a3e-b5f0-4115-b0f6-a014a23744d3, 0.7856, 0.6196, 0.1313, 0.8608, 0.5630, 0.2920, 52.42, 31.13, 0.00, 418, 248, 0, 19.9, 19.9, 19.9, 2000-00-00 01:10:41.475, 21.84, 10210.1.22,
 22:19:31.386,d3936a3e-b5f0-4115-b0f6-a014a23744d3, 0.7856, 0.6196, 0.1318, 0.8604, 0.5811, 0.2969, 52.19, 31.21, 0.00, 417, 249, 0, 19.9, 19.9, 19.9, 2000-00-00 01:10:41.565, 21.90, 10210.1.22,
 22:19:31.476,d3936a3e-b5f0-4115-b0f6-a014a23744d3, 0.7861, 0.6196, 0.1318, 0.8940, 0.5688, 0.3062, 52.43, 31.25, 0.00, 419, 249, 0, 19.9, 19.9, 19.9, 2000-00-00 01:10:41.655, 21.78, 10210.1.22,
 22:19:31.566,d3936a3e-b5f0-4115-b0f6-a014a23744d3, 0.7861, 0.6191, 0.1323, 0.8579, 0.5503, 0.2939, 51.94, 31.02, 0.00, 415, 247, 0, 19.9, 19.9, 19.9, 2000-00-00 01:10:41.745, 21.84, 10210.1.22,
 22:19:31.657,d3936a3e-b5f0-4115-b0f6-a014a23744d3, 0.7861, 0.6191, 0.1323, 0.8022, 0.5498, 0.2910, 51.53, 31.00, 0.00, 411, 247, 0, 19.9, 19.9, 19.9, 2000-00-00 01:10:41.835, 22.09, 10210.1.22,
 22:19:31.746,d3936a3e-b5f0-4115-b0f6-a014a23744d3, 0.7866, 0.6191, 0.1323, 0.8301, 0.5454, 0.2861, 51.47, 30.85, 0.00, 411, 246, 0, 19.9, 19.9, 19.9, 2000-00-00 01:10:41.925, 21.78, 10210.1.22,
 22:19:31.837,d3936a3e-b5f0-4115-b0f6-a014a23744d3, 0.7866, 0.6187, 0.1328, 0.8545, 0.5391, 0.2842, 51.94, 31.23, 0.00, 415, 249, 0, 19.9, 19.9, 19.9, 2000-00-00 01:10:42.015, 21.97, 10210.1.22,
 22:19:31.927,d3936a3e-b5f0-4115-b0f6-a014a23744d3, 0.7866, 0.6187, 0.1328, 0.8101, 0.5376, 0.2939, 51.40, 30.70, 0.00, 410, 245, 0, 19.9, 19.9, 19.9, 2000-00-00 01:10:42.105, 21.90, 10210.1.22,
 22:19:32.017,d3936a3e-b5f0-4115-b0f6-a014a23744d3, 0.7866, 0.6187, 0.1333, 0.7642, 0.5332, 0.2969, 49.96, 30.04, 0.00, 399, 240, 0, 19.9, 19.9, 19.9, 2000-00-00 01:10:42.195, 21.84, 10210.1.22,
 22:19:32.108,d3936a3e-b5f0-4115-b0f6-a014a23744d3, 0.7866, 0.6182, 0.1333, 0.7466, 0.5239, 0.3032, 49.50, 29.85, 0.00, 395, 238, 0, 19.9, 19.9, 19.9, 2000-00-00 01:10:42.285, 21.84, 10210.1.22,
 22:19:32.199,d3936a3e-b5f0-4115-b0f6-a014a23744d3, 0.7871, 0.6182, 0.1333, 0.7466, 0.5239, 0.3032, 49.50, 29.85, 0.00, 395, 238, 0, 19.9, 19.9, 19.9, 2000-00-00 01:10:42.380, 21.97, 10210.1.22,
 22:19:32.289,d3936a3e-b5f0-4115-b0f6-a014a23744d3, 0.7871, 0.6182, 0.1333, 0.7412, 0.5088, 0.3062, 49.76, 30.21, 0.00, 397, 241, 0, 19.9, 19.9, 19.9, 2000-00-00 01:10:42.470, 21.84, 10210.1.22,
 22:19:32.380,d3936a3e-b5f0-4115-b0f6-a014a23744d3, 0.7871, 0.6182, 0.1338, 0.7485, 0.5088, 0.3101, 50.40, 30.65, 0.00, 402, 244, 0, 19.9, 19.9, 19.9, 2000-00-00 01:10:42.560, 21.71, 10210.1.22,
 22:19:32.471,d3936a3e-b5f0-4115-b0f6-a014a23744d3, 0.7871, 0.6177, 0.1338, 0.7671, 0.5190, 0.3066, 51.45, 31.25, 0.00, 411, 249, 0, 19.9, 19.9, 19.9, 2000-00-00 01:10:42.650, 21.97, 10210.1.22,
 22:19:32.560,d3936a3e-b5f0-4115-b0f6-a014a23744d3, 0.7871, 0.6177, 0.1343, 0.9414, 0.5840, 0.3149, 53.07, 32.07, 0.00, 424, 256, 0, 19.9, 19.9, 19.9, 2000-00-00 01:10:42.740, 21.97, 10210.1.22,
 22:19:32.651,d3936a3e-b5f0-4115-b0f6-a014a23744d3, 0.7871, 0.6177, 0.1348, 1.2212, 0.7930, 0.3325, 55.57, 34.55, 0.00, 444, 276, 0, 19.9, 19.9, 19.9, 2000-00-00 01:10:42.830, 21.71, 10210.1.22,
 22:19:32.742,d3936a3e-b5f0-4115-b0f6-a014a23744d3, 0.7871, 0.6177, 0.1348, 1.3516, 0.9102, 0.3418, 57.62, 36.99, 0.00, 460, 295, 0, 19.9, 19.9, 19.9, 2000-00-00 01:10:42.920, 21.65, 10210.1.22,
 22:19:32.832,d3936a3e-b5f0-4115-b0f6-a014a23744d3, 0.7871, 0.6177, 0.1353, 1.4106, 0.9487, 0.3486, 58.97, 38.25, 0.00, 471, 305, 0, 19.9, 19.9, 19.9, 2000-00-00 01:10:43.010, 21.84, 10210.1.22,
 22:19:32.924,d3936a3e-b5f0-4115-b0f6-a014a23744d3, 0.7871, 0.6177, 0.1353, 1.4819, 1.0142, 0.3594, 60.00, 39.65, 0.00, 479, 316, 0, 19.9, 19.9, 19.9, 2000-00-00 01:10:43.100, 21.65, 10210.1.22,
 22:19:33.014,d3936a3e-b5f0-4115-b0f6-a014a23744d3, 0.7871, 0.6177, 0.1357, 1.5034, 1.0474, 0.3521, 60.54, 40.15, 0.00, 483, 320, 0, 19.9, 19.9, 19.9, 2000-00-00 01:10:43.195, 22.09, 10210.1.22,
 22:19:33.104,d3936a3e-b5f0-4115-b0f6-a014a23744d3, 0.7871, 0.6177, 0.1357, 1.5366, 1.0796, 0.3560, 61.10, 40.44, 0.00, 488, 323, 0, 19.9, 19.9, 19.9, 2000-00-00 01:10:43.285, 21.40, 10210.1.22,
 22:19:33.196,d3936a3e-b5f0-4115-b0f6-a014a23744d3, 0.7871, 0.6182, 0.1362, 1.5361, 1.0571, 0.3486, 61.14, 40.28, 0.00, 488, 321, 0, 19.9, 19.9, 19.9, 2000-00-00 01:10:43.375, 21.97, 10210.1.22,
 22:19:33.285,d3936a3e-b5f0-4115-b0f6-a014a23744d3, 0.7876, 0.6182, 0.1362, 1.5361, 1.0571, 0.3486, 61.14, 40.28, 0.00, 488, 321, 0, 19.9, 19.6, 19.9, 2000-00-00 01:10:43.465, 21.78, 10210.1.22,
 22:19:33.376,d3936a3e-b5f0-4115-b0f6-a014a23744d3, 0.7871, 0.6177, 0.1362, 1.2324, 1.0415, 0.3589, 52.62, 39.38, 0.00, 420, 314, 0, 19.9, 19.6, 19.9, 2000-00-00 01:10:43.555, 21.90, 10210.1.22,
 22:19:33.466,d3936a3e-b5f0-4115-b0f6-a014a23744d3, 0.7871, 0.6177, 0.1362, 1.0171, 0.9932, 0.3315, 47.91, 37.75, 0.00, 382, 301, 0, 19.9, 19.6, 19.9, 2000-00-00 01:10:43.645, 21.90, 10210.1.22,
 22:19:33.556,d3936a3e-b5f0-4115-b0f6-a014a23744d3, 0.7871, 0.6177, 0.1362, 0.9238, 0.8511, 0.2915, 48.84, 37.01, 0.00, 390, 295, 0, 19.9, 19.6, 19.9, 2000-00-00 01:10:43.735, 21.97, 10210.1.22,
 22:19:33.646,d3936a3e-b5f0-4115-b0f6-a014a23744d3, 0.7871, 0.6177, 0.1367, 0.8647, 0.7715, 0.3027, 49.07, 34.09, 0.00, 392, 272, 0, 19.9, 19.6, 19.9, 2000-00-00 01:10:43.825, 21.84, 10210.1.22,
 22:19:33.736,d3936a3e-b5f0-4115-b0f6-a014a23744d3, 0.7871, 0.6177, 0.1367, 0.9199, 0.8594, 0.3159, 51.84, 35.95, 0.00, 414, 287, 0, 19.9, 19.6, 19.9, 2000-00-00 01:10:43.915, 21.97, 10210.1.22,
 22:19:33.827,d3936a3e-b5f0-4115-b0f6-a014a23744d3, 0.7876, 0.6172, 0.1372, 1.1191, 1.0171, 0.3159, 55.18, 39.05, 0.00, 440, 312, 0, 19.9, 19.6, 19.9, 2000-00-00 01:10:44.005, 21.71, 10210.1.22,
 22:19:33.917,d3936a3e-b5f0-4115-b0f6-a014a23744d3, 0.7876, 0.6172, 0.1372, 1.2241, 0.9507, 0.3232, 56.23, 38.60, 0.00, 449, 308, 0, 19.9, 19.6, 19.9, 2000-00-00 01:10:44.095, 21.84, 10210.1.22,
 22:19:34.008,d3936a3e-b5f0-4115-b0f6-a014a23744d3, 0.7881, 0.6172, 0.1377, 1.2134, 0.9233, 0.3076, 55.84, 37.57, 0.00, 446, 300, 0, 19.9, 19.6, 19.9, 2000-00-00 01:10:44.185, 21.90, 10210.1.22,
 22:19:34.099,d3936a3e-b5f0-4115-b0f6-a014a23744d3, 0.7881, 0.6167, 0.1377, 1.2285, 0.8701, 0.3096, 56.19, 36.96, 0.00, 449, 295, 0, 19.9, 19.6, 19.9, 2000-00-00 01:10:44.280, 21.84, 10210.1.22,
 22:19:34.189,d3936a3e-b5f0-4115-b0f6-a014a23744d3, 0.7886, 0.6167, 0.1382, 1.2827, 0.8940, 0.3066, 56.97, 37.66, 0.00, 455, 301, 0, 19.9, 19.6, 19.9, 2000-00-00 01:10:44.370, 21.90, 10210.1.22,
 22:19:34.278,d3936a3e-b5f0-4115-b0f6-a014a23744d3, 0.7886, 0.6162, 0.1382, 1.2896, 0.8770, 0.2988, 58.03, 37.72, 0.00, 469, 305, 0, 19.6, 19.6, 19.6, 2000-00-00 01:10:44.460, 21.90, 10210.1.22,
 22:19:34.367,d3936a3e-b5f0-4115-b0f6-a014a23744d3, 0.7886, 0.6162, 0.1382, 1.2896, 0.8770, 0.2988, 58.03, 37.72, 0.00, 469, 305, 0, 19.6, 19.6, 19.6, 2000-00-00 01:10:44.550, 21.90, 10210.1.22,
 22:19:34.457,d3936a3e-b5f0-4115-b0f6-a014a23744d3, 0.7891, 0.6162, 0.1387, 1.3247, 0.8647, 0.3052, 58.80, 37.09, 0.00, 475, 300, 0, 19.6, 19.6, 19.6, 2000-00-00 01:10:44.635, 21.71, 10210.1.22,
 22:19:34.547,d3936a3e-b5f0-4115-b0f6-a014a23744d3, 0.7891, 0.6157, 0.1387, 1.3398, 0.8569, 0.3145, 59.29, 37.45, 0.00, 479, 303, 0, 19.6, 19.6, 19.6, 2000-00-00 01:10:44.725, 21.97, 10210.1.22,
 22:19:34.637,d3936a3e-b5f0-4115-b0f6-a014a23744d3, 0.7891, 0.6157, 0.1387, 1.3481, 0.8325, 0.3052, 59.46, 37.30, 0.00, 481, 301, 0, 19.6, 19.6, 19.6, 2000-00-00 01:10:44.815, 21.78, 10210.1.22,
 22:19:34.726,d3936a3e-b5f0-4115-b0f6-a014a23744d3, 0.7896, 0.6157, 0.1392, 1.3242, 0.8110, 0.3052, 58.93, 37.29, 0.00, 476, 301, 0, 19.6, 19.6, 19.6, 2000-00-00 01:10:44.905, 21.90, 10210.1.22,
 22:19:34.816,d3936a3e-b5f0-4115-b0f6-a014a23744d3, 0.7896, 0.6152, 0.1392, 1.2837, 0.8086, 0.3018, 58.12, 36.93, 0.00, 470, 298, 0, 19.6, 19.6, 19.6, 2000-00-00 01:10:44.995, 21.90, 10210.1.22,
 22:19:34.907,d3936a3e-b5f0-4115-b0f6-a014a23744d3, 0.7896, 0.6152, 0.1392, 1.1543, 0.8066, 0.2876, 56.00, 36.35, 0.00, 453, 294, 0, 19.6, 19.6, 19.6, 2000-00-00 01:10:45.085, 21.78, 10210.1.22,
 22:19:34.996,d3936a3e-b5f0-4115-b0f6-a014a23744d3, 0.7896, 0.6152, 0.1396, 0.9253, 0.7183, 0.2764, 52.99, 34.74, 0.00, 428, 281, 0, 19.6, 19.6, 19.6, 2000-00-00 01:10:45.175, 21.84, 10210.1.22,
 22:19:35.088,d3936a3e-b5f0-4115-b0f6-a014a23744d3, 0.7896, 0.6152, 0.1396, 0.8223, 0.7051, 0.2661, 51.66, 33.85, 0.00, 418, 273, 0, 19.6, 19.6, 19.6, 2000-00-00 01:10:45.265, 21.84, 10210.1.22,
 22:19:35.177,d3936a3e-b5f0-4115-b0f6-a014a23744d3, 0.7891, 0.6147, 0.1396, 0.7700, 0.6934, 0.2622, 50.65, 33.28, 0.00, 409, 269, 0, 19.6, 19.6, 19.6, 2000-00-00 01:10:45.355, 21.78, 10210.1.22,
 22:19:35.266,d3936a3e-b5f0-4115-b0f6-a014a23744d3, 0.7891, 0.6147, 0.1401, 0.7524, 0.6875, 0.2720, 50.03, 33.02, 0.00, 404, 267, 0, 19.6, 19.6, 19.6, 2000-00-00 01:10:45.445, 21.84, 10210.1.22,
 22:19:35.357,d3936a3e-b5f0-4115-b0f6-a014a23744d3, 0.7891, 0.6147, 0.1401, 0.7524, 0.6875, 0.2720, 50.03, 33.02, 0.00, 404, 267, 0, 19.6, 19.6, 19.6, 2000-00-00 01:10:45.535, 21.78, 10210.1.22,
 22:19:35.448,d3936a3e-b5f0-4115-b0f6-a014a23744d3, 0.7891, 0.6147, 0.1401, 0.7261, 0.6885, 0.2705, 49.51, 32.98, 0.00, 400, 266, 0, 19.6, 19.6, 19.6, 2000-00-00 01:10:45.625, 21.97, 10210.1.22,
 22:19:35.539,d3936a3e-b5f0-4115-b0f6-a014a23744d3, 0.7891, 0.6147, 0.1406, 0.7041, 0.6646, 0.2661, 49.61, 32.98, 0.00, 401, 266, 0, 19.6, 19.6, 19.6, 2000-00-00 01:10:45.715, 21.71, 10210.1.22,
 22:19:35.628,d3936a3e-b5f0-4115-b0f6-a014a23744d3, 0.7891, 0.6147, 0.1406, 0.7070, 0.6455, 0.2651, 49.80, 32.89, 0.00, 403, 266, 0, 19.6, 19.6, 19.6, 2000-00-00 01:10:45.805, 21.97, 10210.1.22,
 22:19:35.718,d3936a3e-b5f0-4115-b0f6-a014a23744d3, 0.7891, 0.6143, 0.1406, 0.6978, 0.6343, 0.2607, 50.28, 33.26, 0.00, 406, 269, 0, 19.6, 19.6, 19.6, 2000-00-00 01:10:45.895, 21.78, 10210.1.22,
 22:19:35.809,d3936a3e-b5f0-4115-b0f6-a014a23744d3, 0.7896, 0.6143, 0.1406, 0.7153, 0.6538, 0.2617, 50.93, 33.75, 0.00, 412, 273, 0, 19.6, 19.6, 19.6, 2000-00-00 01:10:45.985, 21.71, 10210.1.22,
 22:19:35.898,d3936a3e-b5f0-4115-b0f6-a014a23744d3, 0.7896, 0.6143, 0.1411, 0.7461, 0.6665, 0.2651, 51.15, 34.19, 0.00, 413, 276, 0, 19.6, 19.6, 19.6, 2000-00-00 01:10:46.075, 21.97, 10210.1.22,
 22:19:35.989,d3936a3e-b5f0-4115-b0f6-a014a23744d3, 0.7900, 0.6138, 0.1411, 0.7393, 0.6787, 0.2759, 50.84, 34.23, 0.00, 411, 277, 0, 19.6, 19.6, 19.6, 2000-00-00 01:10:46.165, 21.84, 10210.1.22,
 22:19:36.080,d3936a3e-b5f0-4115-b0f6-a014a23744d3, 0.7900, 0.6138, 0.1411, 0.7109, 0.6514, 0.2744, 49.91, 33.39, 0.00, 403, 270, 0, 19.6, 19.6, 19.6, 2000-00-00 01:10:46.255, 21.84, 10210.1.22,
 22:19:36.171,d3936a3e-b5f0-4115-b0f6-a014a23744d3, 0.7905, 0.6133, 0.1411, 0.7041, 0.6377, 0.2744, 49.62, 33.09, 0.00, 401, 267, 0, 19.6, 19.6, 19.6, 2000-00-00 01:10:46.350, 21.97, 10210.1.22,
 22:19:36.260,d3936a3e-b5f0-4115-b0f6-a014a23744d3, 0.7905, 0.6128, 0.1411, 0.7173, 0.6470, 0.2720, 49.66, 32.80, 0.00, 401, 265, 0, 19.6, 19.6, 19.6, 2000-00-00 01:10:46.440, 21.78, 10210.1.22,
 22:19:36.350,d3936a3e-b5f0-4115-b0f6-a014a23744d3, 0.7905, 0.6128, 0.1416, 0.7422, 0.6714, 0.2661, 50.35, 32.87, 0.00, 407, 266, 0, 19.6, 19.6, 19.6, 2000-00-00 01:10:46.525, 21.84, 10210.1.22,
 22:19:36.440,d3936a3e-b5f0-4115-b0f6-a014a23744d3, 0.7910, 0.6128, 0.1416, 0.7422, 0.6714, 0.2661, 50.35, 32.87, 0.00, 407, 266, 0, 19.6, 19.6, 19.6, 2000-00-00 01:10:46.615, 21.71, 10210.1.22,
 22:19:36.530,d3936a3e-b5f0-4115-b0f6-a014a23744d3, 0.7910, 0.6123, 0.1416, 0.7500, 0.7183, 0.2617, 50.86, 34.02, 0.00, 411, 275, 0, 19.6, 19.6, 19.6, 2000-00-00 01:10:46.705, 21.65, 10210.1.22,
 22:19:36.620,d3936a3e-b5f0-4115-b0f6-a014a23744d3, 0.7910, 0.6123, 0.1416, 0.7480, 0.7319, 0.2544, 50.79, 34.68, 0.00, 411, 280, 0, 19.6, 19.6, 19.6, 2000-00-00 01:10:46.795, 21.71, 10210.1.22,
 22:19:36.710,d3936a3e-b5f0-4115-b0f6-a014a23744d3, 0.7910, 0.6123, 0.1416, 0.7422, 0.6968, 0.2612, 51.11, 34.73, 0.00, 413, 281, 0, 19.6, 19.6, 19.6, 2000-00-00 01:10:46.890, 21.78, 10210.1.22,
 22:19:36.800,d3936a3e-b5f0-4115-b0f6-a014a23744d3, 0.7910, 0.6123, 0.1421, 0.7314, 0.6582, 0.2637, 51.02, 34.18, 0.00, 412, 276, 0, 19.6, 19.6, 19.6, 2000-00-00 01:10:46.975, 21.97, 10210.1.22,
 22:19:36.890,d3936a3e-b5f0-4115-b0f6-a014a23744d3, 0.7910, 0.6118, 0.1421, 0.7246, 0.6509, 0.2661, 51.03, 34.07, 0.00, 412, 275, 0, 19.6, 19.6, 19.6, 2000-00-00 01:10:47.065, 21.84, 10210.1.22,
 22:19:36.980,d3936a3e-b5f0-4115-b0f6-a014a23744d3, 0.7910, 0.6118, 0.1426, 0.7227, 0.6235, 0.2661, 50.61, 33.19, 0.00, 409, 268, 0, 19.6, 19.6, 19.6, 2000-00-00 01:10:47.155, 21.84, 10210.1.22,
 22:19:37.071,d3936a3e-b5f0-4115-b0f6-a014a23744d3, 0.7910, 0.6118, 0.1426, 0.7266, 0.5972, 0.2603, 50.55, 32.83, 0.00, 409, 265, 0, 19.6, 19.6, 19.6, 2000-00-00 01:10:47.250, 21.78, 10210.1.22,
 22:19:37.162,d3936a3e-b5f0-4115-b0f6-a014a23744d3, 0.7910, 0.6118, 0.1426, 0.7373, 0.6050, 0.2642, 50.32, 32.80, 0.00, 407, 265, 0, 19.6, 19.6, 19.6, 2000-00-00 01:10:47.340, 21.78, 10210.1.22,
 22:19:37.252,d3936a3e-b5f0-4115-b0f6-a014a23744d3, 0.7910, 0.6118, 0.1431, 0.7505, 0.6592, 0.2661, 49.92, 33.41, 0.00, 404, 270, 0, 19.6, 19.6, 19.6, 2000-00-00 01:10:47.430, 21.90, 10210.1.22,
 22:19:37.343,d3936a3e-b5f0-4115-b0f6-a014a23744d3, 0.7910, 0.6118, 0.1431, 0.7578, 0.6724, 0.2764, 49.82, 33.35, 0.00, 403, 269, 0, 19.6, 19.6, 19.6, 2000-00-00 01:10:47.520, 21.84, 10210.1.22,
 22:19:37.432,d3936a3e-b5f0-4115-b0f6-a014a23744d3, 0.7910, 0.6113, 0.1431, 0.7285, 0.6699, 0.2852, 49.59, 33.40, 0.00, 401, 270, 0, 19.6, 19.6, 19.6, 2000-00-00 01:10:47.610, 21.84, 10210.1.22,
 22:19:37.522,d3936a3e-b5f0-4115-b0f6-a014a23744d3, 0.7910, 0.6113, 0.1431, 0.7285, 0.6699, 0.2852, 49.59, 33.40, 0.00, 401, 270, 0, 19.6, 19.6, 19.6, 2000-00-00 01:10:47.700, 21.97, 10210.1.22,
 22:19:37.612,d3936a3e-b5f0-4115-b0f6-a014a23744d3, 0.7910, 0.6113, 0.1436, 0.7251, 0.6621, 0.2915, 49.93, 34.03, 0.00, 404, 275, 0, 19.6, 19.6, 19.6, 2000-00-00 01:10:47.790, 21.84, 10210.1.22,
 22:19:37.700,d3936a3e-b5f0-4115-b0f6-a014a23744d3, 0.7910, 0.6113, 0.1436, 0.7295, 0.6680, 0.2988, 50.22, 34.56, 0.00, 406, 279, 0, 19.6, 19.6, 19.6, 2000-00-00 01:10:47.880, 21.78, 10210.1.22,
 22:19:37.790,d3936a3e-b5f0-4115-b0f6-a014a23744d3, 0.7910, 0.6108, 0.1436, 0.7271, 0.6548, 0.3105, 50.09, 34.24, 0.00, 405, 277, 0, 19.6, 19.6, 19.6, 2000-00-00 01:10:47.970, 21.71, 10210.1.22,
 22:19:37.881,d3936a3e-b5f0-4115-b0f6-a014a23744d3, 0.7915, 0.6108, 0.1436, 0.7305, 0.6626, 0.3018, 50.18, 34.21, 0.00, 406, 276, 0, 19.6, 19.6, 19.6, 2000-00-00 01:10:48.060, 21.84, 10210.1.22,
 22:19:37.972,d3936a3e-b5f0-4115-b0f6-a014a23744d3, 0.7920, 0.6104, 0.1440, 0.7461, 0.7002, 0.2910, 49.97, 34.38, 0.00, 404, 278, 0, 19.6, 19.6, 19.6, 2000-00-00 01:10:48.150, 21.84, 10210.1.22,
 22:19:38.062,d3936a3e-b5f0-4115-b0f6-a014a23744d3, 0.7920, 0.6104, 0.1440, 0.7476, 0.7100, 0.2979, 49.63, 35.21, 0.00, 401, 284, 0, 19.6, 19.6, 19.6, 2000-00-00 01:10:48.240, 21.84, 10210.1.22,
 22:19:38.152,d3936a3e-b5f0-4115-b0f6-a014a23744d3, 0.7920, 0.6099, 0.1440, 0.7583, 0.7202, 0.3076, 50.01, 35.17, 0.00, 404, 284, 0, 19.6, 19.6, 19.6, 2000-00-00 01:10:48.330, 21.84, 10210.1.22,
 22:19:38.242,d3936a3e-b5f0-4115-b0f6-a014a23744d3, 0.7925, 0.6099, 0.1445, 0.7520, 0.7310, 0.3115, 49.59, 34.93, 0.00, 401, 282, 0, 19.6, 19.6, 19.6, 2000-00-00 01:10:48.420, 21.78, 10210.1.22,
 22:19:38.332,d3936a3e-b5f0-4115-b0f6-a014a23744d3, 0.7925, 0.6094, 0.1445, 0.7437, 0.7358, 0.3042, 49.58, 34.61, 0.00, 401, 280, 0, 19.6, 19.6, 19.6, 2000-00-00 01:10:48.510, 21.65, 10210.1.22,
 22:19:38.422,d3936a3e-b5f0-4115-b0f6-a014a23744d3, 0.7925, 0.6094, 0.1445, 0.7383, 0.7266, 0.2944, 49.83, 35.32, 0.00, 403, 285, 0, 19.6, 19.6, 19.6, 2000-00-00 01:10:48.600, 21.97, 10210.1.22,
 22:19:38.513,d3936a3e-b5f0-4115-b0f6-a014a23744d3, 0.7930, 0.6094, 0.1445, 0.7383, 0.7266, 0.2944, 49.83, 35.32, 0.00, 403, 285, 0, 19.6, 19.6, 19.6, 2000-00-00 01:10:48.690, 21.71, 10210.1.22,
 22:19:38.603,d3936a3e-b5f0-4115-b0f6-a014a23744d3, 0.7930, 0.6094, 0.1450, 0.7363, 0.6826, 0.2925, 50.18, 35.40, 0.00, 406, 286, 0, 19.6, 19.6, 19.6, 2000-00-00 01:10:48.780, 22.09, 10210.1.22,
 22:19:38.696,d3936a3e-b5f0-4115-b0f6-a014a23744d3, 0.7930, 0.6089, 0.1450, 0.7310, 0.6753, 0.2915, 50.61, 35.17, 0.00, 409, 284, 0, 19.6, 19.6, 19.6, 2000-00-00 01:10:48.870, 21.78, 10210.1.22,
 22:19:38.786,d3936a3e-b5f0-4115-b0f6-a014a23744d3, 0.7930, 0.6089, 0.1450, 0.7520, 0.6660, 0.2788, 50.58, 34.43, 0.00, 409, 278, 0, 19.6, 19.6, 19.6, 2000-00-00 01:10:48.965, 21.84, 10210.1.22,
 22:19:38.875,d3936a3e-b5f0-4115-b0f6-a014a23744d3, 0.7930, 0.6089, 0.1450, 0.7598, 0.6250, 0.2715, 50.59, 33.67, 0.00, 409, 272, 0, 19.6, 19.6, 19.6, 2000-00-00 01:10:49.055, 22.09, 10210.1.22,
 22:19:38.965,d3936a3e-b5f0-4115-b0f6-a014a23744d3, 0.7930, 0.6084, 0.1455, 0.7588, 0.6528, 0.2773, 51.11, 34.05, 0.00, 413, 275, 0, 19.6, 19.6, 19.6, 2000-00-00 01:10:49.145, 21.84, 10210.1.22,
 22:19:39.056,d3936a3e-b5f0-4115-b0f6-a014a23744d3, 0.7930, 0.6084, 0.1455, 0.7368, 0.6426, 0.2822, 50.29, 33.49, 0.00, 406, 271, 0, 19.6, 19.6, 19.6, 2000-00-00 01:10:49.235, 21.65, 10210.1.22,
 22:19:39.145,d3936a3e-b5f0-4115-b0f6-a014a23744d3, 0.7930, 0.6084, 0.1455, 0.7280, 0.6060, 0.2773, 49.41, 32.71, 0.00, 399, 264, 0, 19.6, 19.6, 19.6, 2000-00-00 01:10:49.325, 21.97, 10210.1.22,
 22:19:39.236,d3936a3e-b5f0-4115-b0f6-a014a23744d3, 0.7930, 0.6084, 0.1460, 0.7231, 0.6001, 0.2788, 49.56, 32.98, 0.00, 401, 266, 0, 19.6, 19.6, 19.6, 2000-00-00 01:10:49.415, 21.78, 10210.1.22,
 22:19:39.325,d3936a3e-b5f0-4115-b0f6-a014a23744d3, 0.7930, 0.6084, 0.1460, 0.7295, 0.6328, 0.2827, 49.49, 33.88, 0.00, 400, 274, 0, 19.6, 19.6, 19.6, 2000-00-00 01:10:49.505, 21.90, 10210.1.22,
 22:19:39.416,d3936a3e-b5f0-4115-b0f6-a014a23744d3, 0.7930, 0.6084, 0.1460, 0.7236, 0.6021, 0.2832, 49.37, 33.48, 0.00, 399, 270, 0, 19.6, 19.6, 19.6, 2000-00-00 01:10:49.590, 21.90, 10210.1.22,
 22:19:39.505,d3936a3e-b5f0-4115-b0f6-a014a23744d3, 0.7930, 0.6079, 0.1460, 0.7319, 0.6216, 0.2871, 49.76, 33.88, 0.00, 402, 274, 0, 19.6, 19.6, 19.6, 2000-00-00 01:10:49.685, 22.09, 10210.1.22,
 22:19:39.595,d3936a3e-b5f0-4115-b0f6-a014a23744d3, 0.7930, 0.6079, 0.1460, 0.7319, 0.6216, 0.2871, 49.76, 33.88, 0.00, 402, 274, 0, 19.6, 19.6, 19.6, 2000-00-00 01:10:49.770, 21.71, 10210.1.22,
 22:19:39.684,d3936a3e-b5f0-4115-b0f6-a014a23744d3, 0.7930, 0.6079, 0.1465, 0.7588, 0.6226, 0.3032, 50.23, 34.33, 0.00, 406, 277, 0, 19.6, 19.6, 19.6, 2000-00-00 01:10:49.865, 21.84, 10210.1.22,
 22:19:39.772,d3936a3e-b5f0-4115-b0f6-a014a23744d3, 0.7930, 0.6079, 0.1465, 0.7568, 0.6304, 0.3022, 50.48, 34.28, 0.00, 408, 277, 0, 19.6, 19.6, 19.6, 2000-00-00 01:10:49.950, 21.97, 10210.1.22,
 22:19:39.863,d3936a3e-b5f0-4115-b0f6-a014a23744d3, 0.7930, 0.6079, 0.1465, 0.7524, 0.6216, 0.2910, 50.62, 33.84, 0.00, 409, 273, 0, 19.6, 19.6, 19.6, 2000-00-00 01:10:50.040, 21.84, 10210.1.22,
 22:19:39.954,d3936a3e-b5f0-4115-b0f6-a014a23744d3, 0.7935, 0.6074, 0.1465, 0.7671, 0.6279, 0.2856, 50.79, 33.96, 0.00, 411, 274, 0, 19.6, 19.6, 19.6, 2000-00-00 01:10:50.130, 21.84, 10210.1.22,
 22:19:40.043,d3936a3e-b5f0-4115-b0f6-a014a23744d3, 0.7935, 0.6074, 0.1470, 0.7568, 0.6025, 0.2720, 50.18, 33.71, 0.00, 406, 272, 0, 19.6, 19.6, 19.6, 2000-00-00 01:10:50.220, 21.84, 10210.1.22,
 22:19:40.134,d3936a3e-b5f0-4115-b0f6-a014a23744d3, 0.7939, 0.6069, 0.1470, 0.7412, 0.6162, 0.2764, 49.56, 33.70, 0.00, 401, 272, 0, 19.6, 19.6, 19.6, 2000-00-00 01:10:50.310, 21.97, 10210.1.22,
 22:19:40.223,d3936a3e-b5f0-4115-b0f6-a014a23744d3, 0.7939, 0.6069, 0.1470, 0.7363, 0.6333, 0.2803, 48.71, 34.29, 0.00, 394, 277, 0, 19.6, 19.6, 19.6, 2000-00-00 01:10:50.400, 21.84, 10210.1.22,
 22:19:40.315,d3936a3e-b5f0-4115-b0f6-a014a23744d3, 0.7939, 0.6064, 0.1470, 0.7163, 0.6196, 0.2886, 48.58, 33.95, 0.00, 393, 274, 0, 19.6, 19.6, 19.6, 2000-00-00 01:10:50.490, 21.78, 10210.1.22,
 22:19:40.405,d3936a3e-b5f0-4115-b0f6-a014a23744d3, 0.7944, 0.6064, 0.1470, 0.7119, 0.6167, 0.2905, 48.97, 33.97, 0.00, 396, 274, 0, 19.6, 19.6, 19.6, 2000-00-00 01:10:50.585, 21.97, 10210.1.22,
 22:19:40.496,d3936a3e-b5f0-4115-b0f6-a014a23744d3, 0.7944, 0.6060, 0.1475, 0.7163, 0.6226, 0.3018, 49.17, 33.90, 0.00, 397, 274, 0, 19.6, 19.6, 19.6, 2000-00-00 01:10:50.675, 21.78, 10210.1.22,
 22:19:40.587,d3936a3e-b5f0-4115-b0f6-a014a23744d3, 0.7944, 0.6060, 0.1475, 0.7202, 0.6475, 0.3062, 49.56, 35.17, 0.00, 401, 284, 0, 19.6, 19.6, 19.6, 2000-00-00 01:10:50.765, 21.97, 10210.1.22,
 22:19:40.678,d3936a3e-b5f0-4115-b0f6-a014a23744d3, 0.7944, 0.6060, 0.1475, 0.7202, 0.6475, 0.3062, 49.56, 35.17, 0.00, 401, 284, 0, 19.6, 19.6, 19.6, 2000-00-00 01:10:50.855, 22.09, 10210.1.22,
 22:19:40.768,d3936a3e-b5f0-4115-b0f6-a014a23744d3, 0.7949, 0.6060, 0.1475, 0.7432, 0.6563, 0.3027, 49.58, 35.26, 0.00, 401, 285, 0, 19.6, 19.6, 19.6, 2000-00-00 01:10:50.945, 21.97, 10210.1.22,
 22:19:40.859,d3936a3e-b5f0-4115-b0f6-a014a23744d3, 0.7949, 0.6055, 0.1475, 0.7339, 0.6631, 0.3022, 50.01, 34.92, 0.00, 404, 282, 0, 19.6, 19.6, 19.6, 2000-00-00 01:10:51.035, 21.78, 10210.1.22,
 22:19:40.950,d3936a3e-b5f0-4115-b0f6-a014a23744d3, 0.7949, 0.6055, 0.1475, 0.7197, 0.6450, 0.3047, 49.73, 34.55, 0.00, 402, 279, 0, 19.6, 19.6, 19.6, 2000-00-00 01:10:51.125, 21.78, 10210.1.22,
 22:19:41.040,d3936a3e-b5f0-4115-b0f6-a014a23744d3, 0.7949, 0.6055, 0.1475, 0.7173, 0.6284, 0.3125, 50.01, 34.38, 0.00, 404, 278, 0, 19.6, 19.6, 19.6, 2000-00-00 01:10:51.220, 21.97, 10210.1.22,
 22:19:41.131,d3936a3e-b5f0-4115-b0f6-a014a23744d3, 0.7954, 0.6050, 0.1479, 0.7261, 0.6313, 0.3076, 51.08, 35.00, 0.00, 413, 283, 0, 19.6, 19.6, 19.6, 2000-00-00 01:10:51.310, 21.84, 10210.1.22,
 22:19:41.221,d3936a3e-b5f0-4115-b0f6-a014a23744d3, 0.7954, 0.6050, 0.1479, 0.8486, 0.6860, 0.3174, 52.78, 36.60, 0.00, 427, 296, 0, 19.6, 19.6, 19.6, 2000-00-00 01:10:51.400, 21.65, 10210.1.22,
 22:19:41.310,d3936a3e-b5f0-4115-b0f6-a014a23744d3, 0.7954, 0.6050, 0.1479, 0.8936, 0.7197, 0.3306, 53.86, 37.58, 0.00, 435, 304, 0, 19.6, 19.6, 19.6, 2000-00-00 01:10:51.490, 22.16, 10210.1.22,
 22:19:41.400,d3936a3e-b5f0-4115-b0f6-a014a23744d3, 0.7954, 0.6050, 0.1484, 0.9360, 0.7300, 0.3335, 54.65, 38.57, 0.00, 442, 312, 0, 19.6, 19.6, 19.6, 2000-00-00 01:10:51.575, 21.78, 10210.1.22,
 22:19:41.491,d3936a3e-b5f0-4115-b0f6-a014a23744d3, 0.7954, 0.6050, 0.1484, 0.9575, 0.7959, 0.3359, 55.30, 39.81, 0.00, 447, 322, 0, 19.6, 19.6, 19.6, 2000-00-00 01:10:51.670, 21.90, 10210.1.22,
 22:19:41.582,d3936a3e-b5f0-4115-b0f6-a014a23744d3, 0.7954, 0.6045, 0.1489, 0.9697, 0.8037, 0.3354, 55.41, 40.13, 0.00, 448, 324, 0, 19.6, 19.6, 19.6, 2000-00-00 01:10:51.760, 21.65, 10210.1.22,
 22:19:41.674,d3936a3e-b5f0-4115-b0f6-a014a23744d3, 0.7954, 0.6045, 0.1489, 0.9922, 0.8081, 0.3394, 55.27, 39.96, 0.00, 447, 323, 0, 19.6, 19.6, 19.6, 2000-00-00 01:10:51.850, 21.78, 10210.1.22,
 22:19:41.764,d3936a3e-b5f0-4115-b0f6-a014a23744d3, 0.7954, 0.6045, 0.1489, 0.9922, 0.8081, 0.3394, 55.27, 39.96, 0.00, 447, 323, 0, 19.6, 19.6, 19.6, 2000-00-00 01:10:51.940, 21.65, 10210.1.22,
 22:19:41.853,d3936a3e-b5f0-4115-b0f6-a014a23744d3, 0.7954, 0.6045, 0.1494, 0.9980, 0.8008, 0.3311, 54.21, 39.03, 0.00, 438, 315, 0, 19.6, 19.6, 19.6, 2000-00-00 01:10:52.030, 21.84, 10210.1.22,
 22:19:41.943,d3936a3e-b5f0-4115-b0f6-a014a23744d3, 0.7954, 0.6045, 0.1494, 0.9658, 0.7539, 0.3257, 53.06, 37.30, 0.00, 429, 301, 0, 19.6, 19.6, 19.6, 2000-00-00 01:10:52.120, 21.84, 10210.1.22,
 22:19:42.034,d3936a3e-b5f0-4115-b0f6-a014a23744d3, 0.7954, 0.6045, 0.1494, 0.9136, 0.7002, 0.3203, 52.07, 35.94, 0.00, 421, 290, 0, 19.6, 19.6, 19.6, 2000-00-00 01:10:52.210, 22.09, 10210.1.22,
 22:19:42.126,d3936a3e-b5f0-4115-b0f6-a014a23744d3, 0.7954, 0.6045, 0.1494, 0.8496, 0.6855, 0.3179, 51.30, 35.24, 0.00, 415, 285, 0, 19.6, 19.6, 19.6, 2000-00-00 01:10:52.300, 21.78, 10210.1.22,
 22:19:42.217,d3936a3e-b5f0-4115-b0f6-a014a23744d3, 0.7954, 0.6040, 0.1494, 0.8218, 0.6792, 0.3018, 50.82, 35.24, 0.00, 411, 285, 0, 19.6, 19.6, 19.6, 2000-00-00 01:10:52.395, 21.59, 10210.1.22,
 22:19:42.307,d3936a3e-b5f0-4115-b0f6-a014a23744d3, 0.7954, 0.6040, 0.1499, 0.8013, 0.6367, 0.2944, 50.32, 34.56, 0.00, 407, 279, 0, 19.6, 19.6, 19.6, 2000-00-00 01:10:52.485, 21.84, 10210.1.22,
 22:19:42.397,d3936a3e-b5f0-4115-b0f6-a014a23744d3, 0.7954, 0.6040, 0.1499, 0.7651, 0.6094, 0.2915, 49.39, 33.37, 0.00, 394, 266, 0, 19.9, 19.9, 19.9, 2000-00-00 01:10:52.575, 22.09, 10210.1.22,
 22:19:42.488,d3936a3e-b5f0-4115-b0f6-a014a23744d3, 0.7954, 0.6040, 0.1499, 0.7607, 0.5684, 0.2871, 49.05, 32.57, 0.00, 391, 260, 0, 19.9, 19.9, 19.9, 2000-00-00 01:10:52.665, 21.71, 10210.1.22,
 22:19:42.579,d3936a3e-b5f0-4115-b0f6-a014a23744d3, 0.7954, 0.6035, 0.1499, 0.7520, 0.5244, 0.2939, 48.77, 31.61, 0.00, 389, 252, 0, 19.9, 19.9, 19.9, 2000-00-00 01:10:52.755, 21.97, 10210.1.22,
 22:19:42.669,d3936a3e-b5f0-4115-b0f6-a014a23744d3, 0.7959, 0.6035, 0.1499, 0.7412, 0.5176, 0.2974, 49.45, 31.87, 0.00, 395, 254, 0, 19.9, 19.9, 19.9, 2000-00-00 01:10:52.845, 21.84, 10210.1.22,
 22:19:42.759,d3936a3e-b5f0-4115-b0f6-a014a23744d3, 0.7959, 0.6035, 0.1504, 0.7578, 0.5654, 0.3120, 50.72, 32.99, 0.00, 405, 263, 0, 19.9, 19.9, 19.9, 2000-00-00 01:10:52.935, 21.78, 10210.1.22,
 22:19:42.848,d3936a3e-b5f0-4115-b0f6-a014a23744d3, 0.7959, 0.6030, 0.1504, 0.8203, 0.5928, 0.3159, 51.42, 33.69, 0.00, 410, 269, 0, 19.9, 19.9, 19.9, 2000-00-00 01:10:53.025, 21.97, 10210.1.22,
 22:19:42.940,d3936a3e-b5f0-4115-b0f6-a014a23744d3, 0.7959, 0.6030, 0.1504, 0.8203, 0.5928, 0.3159, 51.42, 33.69, 0.00, 410, 269, 0, 19.9, 19.9, 19.9, 2000-00-00 01:10:53.115, 21.97, 10210.1.22,
 22:19:43.032,d3936a3e-b5f0-4115-b0f6-a014a23744d3, 0.7964, 0.6030, 0.1504, 0.8613, 0.6128, 0.3276, 51.85, 34.01, 0.00, 414, 271, 0, 19.9, 19.9, 19.9, 2000-00-00 01:10:53.210, 21.90, 10210.1.22,
 22:19:43.122,d3936a3e-b5f0-4115-b0f6-a014a23744d3, 0.7964, 0.6025, 0.1509, 0.8687, 0.6030, 0.3394, 52.04, 33.89, 0.00, 415, 270, 0, 19.9, 19.9, 19.9, 2000-00-00 01:10:53.300, 21.78, 10210.1.22,
 22:19:43.212,d3936a3e-b5f0-4115-b0f6-a014a23744d3, 0.7964, 0.6025, 0.1509, 0.8999, 0.6328, 0.3350, 52.17, 34.34, 0.00, 416, 274, 0, 19.9, 19.9, 19.9, 2000-00-00 01:10:53.390, 21.84, 10210.1.22,
 22:19:43.303,d3936a3e-b5f0-4115-b0f6-a014a23744d3, 0.7969, 0.6021, 0.1509, 0.8433, 0.6055, 0.3359, 51.11, 33.34, 0.00, 408, 266, 0, 19.9, 19.9, 19.9, 2000-00-00 01:10:53.480, 21.84, 10210.1.22,
 22:19:43.393,d3936a3e-b5f0-4115-b0f6-a014a23744d3, 0.7969, 0.6021, 0.1514, 0.8354, 0.6323, 0.3413, 48.99, 31.71, 0.00, 391, 253, 0, 19.9, 19.9, 19.9, 2000-00-00 01:10:53.570, 21.97, 10210.1.22,
 22:19:43.481,d3936a3e-b5f0-4115-b0f6-a014a23744d3, 0.7969, 0.6021, 0.1514, 0.8022, 0.6895, 0.3418, 47.30, 32.74, 0.00, 378, 261, 0, 19.9, 19.9, 19.9, 2000-00-00 01:10:53.660, 21.84, 10210.1.22,
 22:19:43.573,d3936a3e-b5f0-4115-b0f6-a014a23744d3, 0.7974, 0.6016, 0.1514, 0.7842, 0.6401, 0.3047, 46.82, 33.58, 0.00, 374, 268, 0, 19.9, 19.9, 19.9, 2000-00-00 01:10:53.750, 21.65, 10210.1.22,
 22:19:43.663,d3936a3e-b5f0-4115-b0f6-a014a23744d3, 0.7974, 0.6016, 0.1514, 0.7773, 0.6807, 0.2939, 49.42, 35.63, 0.00, 394, 284, 0, 19.9, 19.9, 19.9, 2000-00-00 01:10:53.840, 21.84, 10210.1.22,
 22:19:43.753,d3936a3e-b5f0-4115-b0f6-a014a23744d3, 0.7979, 0.6011, 0.1514, 0.7656, 0.7153, 0.3037, 50.09, 36.46, 0.00, 400, 291, 0, 19.9, 19.9, 19.9, 2000-00-00 01:10:53.930, 21.90, 10210.1.22,
 22:19:43.844,d3936a3e-b5f0-4115-b0f6-a014a23744d3, 0.7979, 0.6011, 0.1514, 0.7695, 0.6187, 0.3096, 49.81, 33.95, 0.00, 398, 271, 0, 19.9, 19.9, 19.9, 2000-00-00 01:10:54.020, 21.65, 10210.1.22,
 22:19:43.933,d3936a3e-b5f0-4115-b0f6-a014a23744d3, 0.7979, 0.6011, 0.1514, 0.7695, 0.6187, 0.3096, 49.81, 33.95, 0.00, 398, 271, 0, 19.9, 19.9, 19.9, 2000-00-00 01:10:54.110, 21.78, 10210.1.22,
 22:19:44.023,d3936a3e-b5f0-4115-b0f6-a014a23744d3, 0.7979, 0.6011, 0.1514, 0.7642, 0.6021, 0.3022, 50.24, 33.32, 0.00, 401, 266, 0, 19.9, 19.9, 19.9, 2000-00-00 01:10:54.200, 22.09, 10210.1.22,
 22:19:44.114,d3936a3e-b5f0-4115-b0f6-a014a23744d3, 0.7983, 0.6006, 0.1519, 0.7549, 0.5620, 0.3037, 50.82, 33.58, 0.00, 406, 268, 0, 19.9, 19.9, 19.9, 2000-00-00 01:10:54.290, 22.09, 10210.1.22,
 22:19:44.204,d3936a3e-b5f0-4115-b0f6-a014a23744d3, 0.7983, 0.6006, 0.1519, 0.7627, 0.5718, 0.3022, 51.05, 33.73, 0.00, 407, 269, 0, 19.9, 19.9, 19.9, 2000-00-00 01:10:54.380, 22.09, 10210.1.22,
 22:19:44.295,d3936a3e-b5f0-4115-b0f6-a014a23744d3, 0.7983, 0.6006, 0.1519, 0.7700, 0.5713, 0.3018, 50.97, 33.41, 0.00, 407, 267, 0, 19.9, 19.9, 19.9, 2000-00-00 01:10:54.470, 21.90, 10210.1.22,
 22:19:44.385,d3936a3e-b5f0-4115-b0f6-a014a23744d3, 0.7983, 0.6001, 0.1519, 0.7769, 0.5767, 0.3022, 51.27, 33.48, 0.00, 409, 267, 0, 19.9, 19.9, 19.6, 2000-00-00 01:10:54.560, 21.97, 10210.1.22,
 22:19:44.474,d3936a3e-b5f0-4115-b0f6-a014a23744d3, 0.7983, 0.6001, 0.1523, 0.7749, 0.5796, 0.2969, 51.48, 33.67, 0.00, 411, 269, 0, 19.9, 19.9, 19.6, 2000-00-00 01:10:54.650, 22.09, 10210.1.22,
 22:19:44.563,d3936a3e-b5f0-4115-b0f6-a014a23744d3, 0.7983, 0.6001, 0.1523, 0.7861, 0.5918, 0.3022, 51.94, 34.40, 0.00, 415, 274, 0, 19.9, 19.9, 19.6, 2000-00-00 01:10:54.740, 21.97, 10210.1.22,
 22:19:44.653,d3936a3e-b5f0-4115-b0f6-a014a23744d3, 0.7983, 0.5996, 0.1523, 0.7925, 0.6104, 0.3149, 52.09, 34.78, 0.00, 416, 278, 0, 19.9, 19.9, 19.6, 2000-00-00 01:10:54.830, 21.90, 10210.1.22,
 22:19:44.744,d3936a3e-b5f0-4115-b0f6-a014a23744d3, 0.7983, 0.5996, 0.1528, 0.7896, 0.6362, 0.3110, 52.48, 35.33, 0.00, 419, 282, 0, 19.9, 19.9, 19.6, 2000-00-00 01:10:54.920, 21.78, 10210.1.22,
 22:19:44.834,d3936a3e-b5f0-4115-b0f6-a014a23744d3, 0.7983, 0.5996, 0.1528, 0.8193, 0.6504, 0.3174, 52.94, 35.97, 0.00, 423, 287, 0, 19.9, 19.9, 19.6, 2000-00-00 01:10:55.010, 21.90, 10210.1.22,
 22:19:44.925,d3936a3e-b5f0-4115-b0f6-a014a23744d3, 0.7983, 0.5996, 0.1533, 0.8271, 0.6636, 0.3174, 52.50, 36.16, 0.00, 419, 289, 0, 19.9, 19.9, 19.6, 2000-00-00 01:10:55.100, 21.71, 10210.1.22,
 22:19:45.016,d3936a3e-b5f0-4115-b0f6-a014a23744d3, 0.7983, 0.5996, 0.1533, 0.8271, 0.6636, 0.3174, 52.50, 36.16, 0.00, 419, 289, 0, 19.9, 19.9, 19.6, 2000-00-00 01:10:55.195, 21.90, 10210.1.22,
 22:19:45.107,d3936a3e-b5f0-4115-b0f6-a014a23744d3, 0.7983, 0.5996, 0.1533, 0.8228, 0.6489, 0.3242, 51.69, 35.42, 0.00, 413, 283, 0, 19.9, 19.9, 19.6, 2000-00-00 01:10:55.285, 21.84, 10210.1.22,
 22:19:45.195,d3936a3e-b5f0-4115-b0f6-a014a23744d3, 0.7983, 0.5991, 0.1533, 0.7993, 0.6602, 0.3149, 50.64, 34.86, 0.00, 404, 278, 0, 19.9, 19.9, 19.6, 2000-00-00 01:10:55.375, 21.84, 10210.1.22,
 22:19:45.286,d3936a3e-b5f0-4115-b0f6-a014a23744d3, 0.7983, 0.5991, 0.1533, 0.7778, 0.6401, 0.3066, 50.18, 34.58, 0.00, 401, 276, 0, 19.9, 19.9, 19.6, 2000-00-00 01:10:55.465, 21.78, 10210.1.22,
 22:19:45.376,d3936a3e-b5f0-4115-b0f6-a014a23744d3, 0.7983, 0.5991, 0.1533, 0.7725, 0.6196, 0.3081, 50.34, 34.40, 0.00, 402, 274, 0, 19.9, 19.9, 19.9, 2000-00-00 01:10:55.555, 21.78, 10210.1.22,
 22:19:45.466,d3936a3e-b5f0-4115-b0f6-a014a23744d3, 0.7983, 0.5991, 0.1533, 0.7710, 0.6313, 0.3115, 49.75, 33.90, 0.00, 397, 270, 0, 19.9, 19.9, 19.9, 2000-00-00 01:10:55.645, 21.78, 10210.1.22,
 22:19:45.558,d3936a3e-b5f0-4115-b0f6-a014a23744d3, 0.7988, 0.5986, 0.1538, 0.7690, 0.6094, 0.3062, 48.88, 33.09, 0.00, 390, 264, 0, 19.9, 19.9, 19.9, 2000-00-00 01:10:55.735, 21.65, 10210.1.22,
 22:19:45.647,d3936a3e-b5f0-4115-b0f6-a014a23744d3, 0.7988, 0.5986, 0.1538, 0.7607, 0.5967, 0.3047, 48.76, 33.01, 0.00, 389, 263, 0, 19.9, 19.9, 19.9, 2000-00-00 01:10:55.825, 21.84, 10210.1.22,
 22:19:45.738,d3936a3e-b5f0-4115-b0f6-a014a23744d3, 0.7988, 0.5986, 0.1538, 0.7729, 0.6133, 0.2969, 49.04, 33.74, 0.00, 391, 269, 0, 19.9, 19.9, 19.9, 2000-00-00 01:10:55.915, 21.71, 10210.1.22,
 22:19:45.830,d3936a3e-b5f0-4115-b0f6-a014a23744d3, 0.7988, 0.5981, 0.1538, 0.7617, 0.5986, 0.2935, 48.42, 32.91, 0.00, 386, 262, 0, 19.9, 19.9, 19.9, 2000-00-00 01:10:56.005, 21.65, 10210.1.22,
 22:19:45.921,d3936a3e-b5f0-4115-b0f6-a014a23744d3, 0.7988, 0.5981, 0.1538, 0.7422, 0.5996, 0.2920, 48.24, 32.91, 0.00, 385, 263, 0, 19.9, 19.9, 19.9, 2000-00-00 01:10:56.095, 21.97, 10210.1.22,
 22:19:46.012,d3936a3e-b5f0-4115-b0f6-a014a23744d3, 0.7988, 0.5981, 0.1538, 0.7466, 0.6099, 0.2847, 48.79, 33.02, 0.00, 389, 263, 0, 19.9, 19.9, 19.9, 2000-00-00 01:10:56.190, 21.97, 10210.1.22,
 22:19:46.103,d3936a3e-b5f0-4115-b0f6-a014a23744d3, 0.7988, 0.5981, 0.1538, 0.7466, 0.6099, 0.2847, 48.79, 33.02, 0.00, 389, 263, 0, 19.9, 19.9, 19.9, 2000-00-00 01:10:56.280, 21.65, 10210.1.22,
 22:19:46.194,d3936a3e-b5f0-4115-b0f6-a014a23744d3, 0.7993, 0.5977, 0.1538, 0.7485, 0.5898, 0.2813, 48.84, 32.65, 0.00, 390, 260, 0, 19.9, 19.9, 19.9, 2000-00-00 01:10:56.370, 21.90, 10210.1.22,
 22:19:46.286,d3936a3e-b5f0-4115-b0f6-a014a23744d3, 0.7993, 0.5977, 0.1543, 0.7349, 0.5630, 0.2813, 48.60, 32.14, 0.00, 388, 256, 0, 19.9, 19.9, 19.9, 2000-00-00 01:10:56.460, 21.65, 10210.1.22,
 22:19:46.375,d3936a3e-b5f0-4115-b0f6-a014a23744d3, 0.7993, 0.5977, 0.1543, 0.7358, 0.5659, 0.2813, 48.76, 32.03, 0.00, 389, 256, 0, 19.9, 19.9, 19.9, 2000-00-00 01:10:56.555, 21.90, 10210.1.22,
 22:19:46.465,d3936a3e-b5f0-4115-b0f6-a014a23744d3, 0.7998, 0.5972, 0.1543, 0.7422, 0.5586, 0.2852, 48.62, 32.00, 0.00, 388, 255, 0, 19.9, 19.9, 19.9, 2000-00-00 01:10:56.645, 21.84, 10210.1.22,
 22:19:46.554,d3936a3e-b5f0-4115-b0f6-a014a23744d3, 0.7998, 0.5972, 0.1543, 0.7627, 0.5776, 0.2793, 48.51, 32.21, 0.00, 387, 257, 0, 19.9, 19.9, 19.9, 2000-00-00 01:10:56.735, 21.78, 10210.1.22,
 22:19:46.644,d3936a3e-b5f0-4115-b0f6-a014a23744d3, 0.7998, 0.5972, 0.1543, 0.7695, 0.5684, 0.2798, 48.14, 32.20, 0.00, 384, 257, 0, 19.9, 19.9, 19.9, 2000-00-00 01:10:56.820, 21.78, 10210.1.22,
 22:19:46.734,d3936a3e-b5f0-4115-b0f6-a014a23744d3, 0.8003, 0.5967, 0.1543, 0.7778, 0.5840, 0.2783, 47.80, 32.63, 0.00, 382, 260, 0, 19.9, 19.9, 19.9, 2000-00-00 01:10:56.910, 21.84, 10210.1.22,
 22:19:46.826,d3936a3e-b5f0-4115-b0f6-a014a23744d3, 0.8003, 0.5967, 0.1543, 0.7871, 0.6118, 0.2871, 48.51, 33.03, 0.00, 387, 264, 0, 19.9, 19.9, 19.9, 2000-00-00 01:10:57.000, 21.90, 10210.1.22,
 22:19:46.916,d3936a3e-b5f0-4115-b0f6-a014a23744d3, 0.8003, 0.5962, 0.1543, 0.7822, 0.6260, 0.2847, 48.67, 33.32, 0.00, 389, 266, 0, 19.9, 19.9, 19.9, 2000-00-00 01:10:57.095, 21.78, 10210.1.22,
 22:19:47.007,d3936a3e-b5f0-4115-b0f6-a014a23744d3, 0.8008, 0.5962, 0.1543, 0.7715, 0.6177, 0.2822, 48.60, 33.05, 0.00, 388, 264, 0, 19.9, 19.9, 19.9, 2000-00-00 01:10:57.185, 21.90, 10210.1.22,
 22:19:47.099,d3936a3e-b5f0-4115-b0f6-a014a23744d3, 0.8008, 0.5957, 0.1543, 0.7661, 0.6216, 0.2842, 48.53, 33.16, 0.00, 387, 265, 0, 19.9, 19.9, 19.9, 2000-00-00 01:10:57.275, 21.97, 10210.1.22,
 22:19:47.191,d3936a3e-b5f0-4115-b0f6-a014a23744d3, 0.8008, 0.5957, 0.1543, 0.7661, 0.6216, 0.2842, 48.53, 33.16, 0.00, 387, 265, 0, 19.9, 19.9, 19.9, 2000-00-00 01:10:57.365, 21.90, 10210.1.22,
 22:19:47.280,d3936a3e-b5f0-4115-b0f6-a014a23744d3, 0.8008, 0.5957, 0.1543, 0.7642, 0.6333, 0.2866, 48.35, 33.09, 0.00, 386, 264, 0, 19.9, 19.9, 19.9, 2000-00-00 01:10:57.460, 21.97, 10210.1.22,
 22:19:47.372,d3936a3e-b5f0-4115-b0f6-a014a23744d3, 0.8013, 0.5957, 0.1548, 0.7456, 0.6206, 0.2881, 48.30, 33.09, 0.00, 385, 264, 0, 19.9, 19.9, 19.9, 2000-00-00 01:10:57.550, 21.78, 10210.1.22,
 22:19:47.462,d3936a3e-b5f0-4115-b0f6-a014a23744d3, 0.8013, 0.5952, 0.1548, 0.7476, 0.6060, 0.2798, 48.19, 32.71, 0.00, 385, 261, 0, 19.9, 19.9, 19.9, 2000-00-00 01:10:57.640, 21.84, 10210.1.22,
 22:19:47.552,d3936a3e-b5f0-4115-b0f6-a014a23744d3, 0.8013, 0.5952, 0.1548, 0.7412, 0.5952, 0.2827, 48.56, 32.66, 0.00, 388, 261, 0, 19.9, 19.9, 19.9, 2000-00-00 01:10:57.730, 21.84, 10210.1.22,
 22:19:47.642,d3936a3e-b5f0-4115-b0f6-a014a23744d3, 0.8013, 0.5952, 0.1548, 0.7207, 0.5859, 0.2896, 48.56, 32.66, 0.00, 388, 261, 0, 19.9, 19.9, 19.9, 2000-00-00 01:10:57.820, 21.78, 10210.1.22,
 22:19:47.732,d3936a3e-b5f0-4115-b0f6-a014a23744d3, 0.8013, 0.5952, 0.1548, 0.7144, 0.6016, 0.2974, 48.24, 32.56, 0.00, 385, 260, 0, 19.9, 19.9, 19.9, 2000-00-00 01:10:57.910, 21.90, 10210.1.22,
 22:19:47.824,d3936a3e-b5f0-4115-b0f6-a014a23744d3, 0.8013, 0.5947, 0.1548, 0.7222, 0.6045, 0.3018, 47.94, 32.42, 0.00, 383, 259, 0, 19.9, 19.9, 19.9, 2000-00-00 01:10:58.000, 21.97, 10210.1.22,
 22:19:47.917,d3936a3e-b5f0-4115-b0f6-a014a23744d3, 0.8013, 0.5947, 0.1548, 0.7261, 0.6040, 0.2993, 47.72, 32.47, 0.00, 381, 259, 0, 19.9, 19.9, 19.9, 2000-00-00 01:10:58.095, 21.78, 10210.1.22,
 22:19:48.008,d3936a3e-b5f0-4115-b0f6-a014a23744d3, 0.8013, 0.5947, 0.1553, 0.7202, 0.6152, 0.3066, 47.29, 32.44, 0.00, 377, 259, 0, 19.9, 19.9, 19.9, 2000-00-00 01:10:58.185, 21.71, 10210.1.22,
 22:19:48.098,d3936a3e-b5f0-4115-b0f6-a014a23744d3, 0.8013, 0.5947, 0.1553, 0.7012, 0.6284, 0.3076, 47.09, 32.41, 0.00, 376, 259, 0, 19.9, 19.9, 19.9, 2000-00-00 01:10:58.275, 21.97, 10210.1.22,
 22:19:48.189,d3936a3e-b5f0-4115-b0f6-a014a23744d3, 0.8013, 0.5947, 0.1553, 0.7104, 0.6250, 0.3013, 47.11, 32.33, 0.00, 376, 258, 0, 19.9, 19.9, 19.9, 2000-00-00 01:10:58.365, 22.09, 10210.1.22,
 22:19:48.278,d3936a3e-b5f0-4115-b0f6-a014a23744d3, 0.8013, 0.5947, 0.1553, 0.7017, 0.6099, 0.2983, 47.21, 32.16, 0.00, 377, 257, 0, 19.9, 19.9, 19.9, 2000-00-00 01:10:58.455, 21.90, 10210.1.22,
 22:19:48.368,d3936a3e-b5f0-4115-b0f6-a014a23744d3, 0.8013, 0.5947, 0.1553, 0.7017, 0.6099, 0.2983, 47.21, 32.16, 0.00, 377, 257, 0, 19.9, 19.9, 19.9, 2000-00-00 01:10:58.545, 21.78, 10210.1.22,
 22:19:48.458,d3936a3e-b5f0-4115-b0f6-a014a23744d3, 0.8013, 0.5942, 0.1553, 0.6914, 0.5898, 0.2959, 47.90, 32.40, 0.00, 387, 262, 0, 19.6, 19.6, 19.9, 2000-00-00 01:10:58.635, 21.97, 10210.1.22,
 22:19:48.548,d3936a3e-b5f0-4115-b0f6-a014a23744d3, 0.8013, 0.5942, 0.1553, 0.6934, 0.5781, 0.2876, 48.31, 33.14, 0.00, 391, 268, 0, 19.6, 19.6, 19.9, 2000-00-00 01:10:58.725, 21.90, 10210.1.22,
 22:19:48.638,d3936a3e-b5f0-4115-b0f6-a014a23744d3, 0.8013, 0.5942, 0.1553, 0.7280, 0.6089, 0.3203, 45.36, 34.50, 0.00, 367, 279, 0, 19.6, 19.6, 19.9, 2000-00-00 01:10:58.815, 21.97, 10210.1.22,
 22:19:48.727,d3936a3e-b5f0-4115-b0f6-a014a23744d3, 0.8013, 0.5942, 0.1553, 0.7310, 0.7026, 0.3115, 44.76, 35.95, 0.00, 362, 290, 0, 19.6, 19.6, 19.9, 2000-00-00 01:10:58.905, 21.90, 10210.1.22,
 22:19:48.817,d3936a3e-b5f0-4115-b0f6-a014a23744d3, 0.8013, 0.5942, 0.1553, 0.7358, 0.6982, 0.2847, 47.82, 37.44, 0.00, 387, 303, 0, 19.6, 19.6, 19.9, 2000-00-00 01:10:58.995, 21.97, 10210.1.22,
 22:19:48.907,d3936a3e-b5f0-4115-b0f6-a014a23744d3, 0.8013, 0.5942, 0.1558, 0.7412, 0.6543, 0.2964, 50.31, 37.95, 0.00, 407, 307, 0, 19.6, 19.6, 19.9, 2000-00-00 01:10:59.085, 21.90, 10210.1.22,
 22:19:48.996,d3936a3e-b5f0-4115-b0f6-a014a23744d3, 0.8013, 0.5938, 0.1558, 0.7520, 0.6274, 0.2866, 52.19, 38.41, 0.00, 422, 310, 0, 19.6, 19.6, 19.9, 2000-00-00 01:10:59.175, 21.84, 10210.1.22,
 22:19:49.087,d3936a3e-b5f0-4115-b0f6-a014a23744d3, 0.8018, 0.5938, 0.1558, 0.7603, 0.6401, 0.2954, 52.96, 38.86, 0.00, 428, 314, 0, 19.6, 19.6, 19.9, 2000-00-00 01:10:59.265, 21.78, 10210.1.22,
 22:19:49.177,d3936a3e-b5f0-4115-b0f6-a014a23744d3, 0.8018, 0.5933, 0.1563, 0.7593, 0.6211, 0.3013, 53.34, 38.39, 0.00, 431, 310, 0, 19.6, 19.6, 19.9, 2000-00-00 01:10:59.355, 21.90, 10210.1.22,
 22:19:49.267,d3936a3e-b5f0-4115-b0f6-a014a23744d3, 0.8022, 0.5933, 0.1563, 0.7666, 0.6157, 0.3076, 53.13, 37.61, 0.00, 430, 304, 0, 19.6, 19.6, 19.9, 2000-00-00 01:10:59.445, 21.78, 10210.1.22,
 22:19:49.358,d3936a3e-b5f0-4115-b0f6-a014a23744d3, 0.8022, 0.5928, 0.1563, 0.7598, 0.6089, 0.3071, 53.15, 37.18, 0.00, 430, 300, 0, 19.6, 19.6, 19.9, 2000-00-00 01:10:59.535, 21.78, 10210.1.22,
 22:19:49.449,d3936a3e-b5f0-4115-b0f6-a014a23744d3, 0.8022, 0.5928, 0.1563, 0.7598, 0.6089, 0.3071, 53.15, 37.18, 0.00, 430, 300, 0, 19.6, 19.6, 19.6, 2000-00-00 01:10:59.625, 21.84, 10210.1.22,
 22:19:49.541,d3936a3e-b5f0-4115-b0f6-a014a23744d3, 0.8027, 0.5928, 0.1567, 0.7554, 0.6001, 0.3071, 52.63, 36.84, 0.00, 425, 298, 0, 19.6, 19.6, 19.6, 2000-00-00 01:10:59.715, 21.90, 10210.1.22,
 22:19:49.632,d3936a3e-b5f0-4115-b0f6-a014a23744d3, 0.8027, 0.5923, 0.1567, 0.7422, 0.6006, 0.3076, 52.49, 36.62, 0.00, 424, 296, 0, 19.6, 19.6, 19.6, 2000-00-00 01:10:59.810, 21.97, 10210.1.22,
 22:19:49.722,d3936a3e-b5f0-4115-b0f6-a014a23744d3, 0.8027, 0.5923, 0.1567, 0.7427, 0.6128, 0.3081, 52.31, 36.58, 0.00, 423, 296, 0, 19.6, 19.6, 19.6, 2000-00-00 01:10:59.900, 21.71, 10210.1.22,
 22:19:49.813,d3936a3e-b5f0-4115-b0f6-a014a23744d3, 0.8032, 0.5918, 0.1572, 0.7495, 0.6465, 0.3076, 52.68, 37.60, 0.00, 426, 304, 0, 19.6, 19.6, 19.6, 2000-00-00 01:10:59.990, 21.78, 10210.1.22,
 22:19:49.903,d3936a3e-b5f0-4115-b0f6-a014a23744d3, 0.8032, 0.5918, 0.1572, 0.8008, 0.6655, 0.3110, 53.67, 39.07, 0.00, 434, 316, 0, 19.6, 19.6, 19.6, 2000-00-00 01:11:00.080, 21.90, 10210.1.22,
 22:19:49.994,d3936a3e-b5f0-4115-b0f6-a014a23744d3, 0.8032, 0.5918, 0.1577, 0.8911, 0.7085, 0.3188, 54.75, 39.77, 0.00, 443, 321, 0, 19.6, 19.6, 19.6, 2000-00-00 01:11:00.170, 21.71, 10210.1.22,
 22:19:50.085,d3936a3e-b5f0-4115-b0f6-a014a23744d3, 0.8032, 0.5918, 0.1577, 0.8862, 0.7012, 0.3052, 54.62, 39.64, 0.00, 442, 320, 0, 19.6, 19.6, 19.6, 2000-00-00 01:11:00.260, 21.84, 10210.1.22,
 22:19:50.176,d3936a3e-b5f0-4115-b0f6-a014a23744d3, 0.8032, 0.5918, 0.1577, 0.9033, 0.7134, 0.2974, 54.32, 39.23, 0.00, 439, 317, 0, 19.6, 19.6, 19.6, 2000-00-00 01:11:00.350, 21.84, 10210.1.22,
 22:19:50.266,d3936a3e-b5f0-4115-b0f6-a014a23744d3, 0.8032, 0.5918, 0.1582, 0.9243, 0.7246, 0.2905, 54.64, 39.69, 0.00, 442, 321, 0, 19.6, 19.6, 19.6, 2000-00-00 01:11:00.445, 21.78, 10210.1.22,
 22:19:50.359,d3936a3e-b5f0-4115-b0f6-a014a23744d3, 0.8032, 0.5913, 0.1582, 0.8247, 0.7183, 0.3018, 52.04, 36.93, 0.00, 421, 298, 0, 19.6, 19.6, 19.6, 2000-00-00 01:11:00.535, 21.78, 10210.1.22,
 22:19:50.446,d3936a3e-b5f0-4115-b0f6-a014a23744d3, 0.8032, 0.5913, 0.1582, 0.8105, 0.6792, 0.2935, 49.64, 34.77, 0.00, 401, 281, 0, 19.6, 19.6, 19.6, 2000-00-00 01:11:00.625, 21.78, 10210.1.22,
 22:19:50.535,d3936a3e-b5f0-4115-b0f6-a014a23744d3, 0.8032, 0.5913, 0.1582, 0.8105, 0.6792, 0.2935, 49.64, 34.77, 0.00, 401, 281, 0, 19.6, 19.6, 19.6, 2000-00-00 01:11:00.715, 21.71, 10210.1.22,
 22:19:50.625,d3936a3e-b5f0-4115-b0f6-a014a23744d3, 0.8032, 0.5913, 0.1577, 0.7837, 0.6582, 0.2988, 48.14, 34.79, 0.00, 389, 281, 0, 19.6, 19.6, 19.6, 2000-00-00 01:11:00.800, 21.78, 10210.1.22,
 22:19:50.715,d3936a3e-b5f0-4115-b0f6-a014a23744d3, 0.8032, 0.5913, 0.1577, 0.7856, 0.6758, 0.2891, 48.81, 35.04, 0.00, 394, 283, 0, 19.6, 19.6, 19.6, 2000-00-00 01:11:00.890, 22.09, 10210.1.22,
 22:19:50.804,d3936a3e-b5f0-4115-b0f6-a014a23744d3, 0.8032, 0.5913, 0.1577, 0.7832, 0.7061, 0.2925, 49.31, 37.16, 0.00, 399, 300, 0, 19.6, 19.6, 19.6, 2000-00-00 01:11:00.980, 21.84, 10210.1.22,
 22:19:50.894,d3936a3e-b5f0-4115-b0f6-a014a23744d3, 0.8032, 0.5913, 0.1577, 0.7554, 0.6616, 0.2935, 48.68, 36.05, 0.00, 393, 291, 0, 19.6, 19.6, 19.6, 2000-00-00 01:11:01.070, 21.78, 10210.1.22,
 22:19:50.984,d3936a3e-b5f0-4115-b0f6-a014a23744d3, 0.8032, 0.5913, 0.1577, 0.7510, 0.6377, 0.2930, 49.19, 35.59, 0.00, 398, 288, 0, 19.6, 19.6, 19.6, 2000-00-00 01:11:01.160, 21.90, 10210.1.22,
 22:19:51.075,d3936a3e-b5f0-4115-b0f6-a014a23744d3, 0.8032, 0.5908, 0.1582, 0.7173, 0.5806, 0.3071, 48.88, 34.17, 0.00, 395, 276, 0, 19.6, 19.6, 19.6, 2000-00-00 01:11:01.250, 21.78, 10210.1.22,
 22:19:51.166,d3936a3e-b5f0-4115-b0f6-a014a23744d3, 0.8032, 0.5908, 0.1582, 0.7109, 0.5566, 0.2993, 49.92, 34.17, 0.00, 404, 276, 0, 19.6, 19.6, 19.6, 2000-00-00 01:11:01.340, 21.84, 10210.1.22,
 22:19:51.257,d3936a3e-b5f0-4115-b0f6-a014a23744d3, 0.8032, 0.5908, 0.1582, 0.7178, 0.5371, 0.3013, 49.72, 33.90, 0.00, 402, 274, 0, 19.6, 19.6, 19.6, 2000-00-00 01:11:01.435, 21.78, 10210.1.22,
 22:19:51.347,d3936a3e-b5f0-4115-b0f6-a014a23744d3, 0.8032, 0.5903, 0.1582, 0.7173, 0.5698, 0.2959, 49.57, 34.05, 0.00, 401, 275, 0, 19.6, 19.6, 19.6, 2000-00-00 01:11:01.525, 21.84, 10210.1.22,
 22:19:51.438,d3936a3e-b5f0-4115-b0f6-a014a23744d3, 0.8037, 0.5903, 0.1582, 0.7085, 0.6001, 0.2861, 50.56, 34.72, 0.00, 409, 280, 0, 19.6, 19.6, 19.6, 2000-00-00 01:11:01.615, 21.84, 10210.1.22,
 22:19:51.527,d3936a3e-b5f0-4115-b0f6-a014a23744d3, 0.8037, 0.5903, 0.1582, 0.7148, 0.6221, 0.2915, 51.93, 36.08, 0.00, 420, 292, 0, 19.6, 19.6, 19.6, 2000-00-00 01:11:01.705, 21.90, 10210.1.22,
 22:19:51.617,d3936a3e-b5f0-4115-b0f6-a014a23744d3, 0.8037, 0.5903, 0.1582, 0.7148, 0.6221, 0.2915, 51.93, 36.08, 0.00, 420, 292, 0, 19.6, 19.6, 19.6, 2000-00-00 01:11:01.795, 21.71, 10210.1.22,
 22:19:51.706,d3936a3e-b5f0-4115-b0f6-a014a23744d3, 0.8037, 0.5898, 0.1587, 0.8140, 0.6934, 0.2910, 53.21, 38.09, 0.00, 430, 308, 0, 19.6, 19.6, 19.6, 2000-00-00 01:11:01.885, 21.97, 10210.1.22,
 22:19:51.798,d3936a3e-b5f0-4115-b0f6-a014a23744d3, 0.8042, 0.5898, 0.1587, 0.9458, 0.7383, 0.2886, 54.80, 39.41, 0.00, 443, 318, 0, 19.6, 19.6, 19.6, 2000-00-00 01:11:01.975, 21.90, 10210.1.22,
 22:19:51.890,d3936a3e-b5f0-4115-b0f6-a014a23744d3, 0.8042, 0.5898, 0.1587, 0.9795, 0.7310, 0.2930, 55.22, 39.22, 0.00, 446, 317, 0, 19.6, 19.6, 19.6, 2000-00-00 01:11:02.065, 21.78, 10210.1.22,
 22:19:51.981,d3936a3e-b5f0-4115-b0f6-a014a23744d3, 0.8047, 0.5894, 0.1592, 0.9360, 0.7080, 0.2871, 54.78, 39.05, 0.00, 443, 316, 0, 19.6, 19.6, 19.6, 2000-00-00 01:11:02.155, 21.84, 10210.1.22,
 22:19:52.071,d3936a3e-b5f0-4115-b0f6-a014a23744d3, 0.8047, 0.5894, 0.1592, 0.9644, 0.7251, 0.2852, 55.11, 39.24, 0.00, 446, 317, 0, 19.6, 19.6, 19.6, 2000-00-00 01:11:02.250, 21.78, 10210.1.22,
 22:19:52.161,d3936a3e-b5f0-4115-b0f6-a014a23744d3, 0.8047, 0.5894, 0.1597, 1.0532, 0.7393, 0.2915, 56.02, 39.56, 0.00, 453, 320, 0, 19.6, 19.6, 19.6, 2000-00-00 01:11:02.340, 21.78, 10210.1.22,
 22:19:52.252,d3936a3e-b5f0-4115-b0f6-a014a23744d3, 0.8047, 0.5889, 0.1597, 1.0386, 0.7388, 0.2871, 55.62, 40.05, 0.00, 450, 324, 0, 19.6, 19.6, 19.6, 2000-00-00 01:11:02.430, 21.90, 10210.1.22,
 22:19:52.344,d3936a3e-b5f0-4115-b0f6-a014a23744d3, 0.8052, 0.5889, 0.1597, 1.0088, 0.7173, 0.2856, 55.25, 39.97, 0.00, 447, 323, 0, 19.6, 19.6, 19.6, 2000-00-00 01:11:02.520, 21.84, 10210.1.22,
 22:19:52.433,d3936a3e-b5f0-4115-b0f6-a014a23744d3, 0.8052, 0.5889, 0.1597, 0.9775, 0.7222, 0.2778, 54.08, 39.48, 0.00, 432, 315, 0, 19.9, 19.9, 19.9, 2000-00-00 01:11:02.610, 21.78, 10210.1.22,
 22:19:52.522,d3936a3e-b5f0-4115-b0f6-a014a23744d3, 0.8052, 0.5889, 0.1602, 1.0151, 0.7520, 0.2842, 54.88, 40.52, 0.00, 438, 323, 0, 19.9, 19.9, 19.9, 2000-00-00 01:11:02.700, 21.71, 10210.1.22,
 22:19:52.612,d3936a3e-b5f0-4115-b0f6-a014a23744d3, 0.8052, 0.5889, 0.1602, 1.0083, 0.7759, 0.2935, 55.09, 41.14, 0.00, 440, 328, 0, 19.9, 19.9, 19.9, 2000-00-00 01:11:02.790, 21.90, 10210.1.22,
 22:19:52.702,d3936a3e-b5f0-4115-b0f6-a014a23744d3, 0.8052, 0.5889, 0.1602, 1.0083, 0.7759, 0.2935, 55.09, 41.14, 0.00, 440, 328, 0, 19.9, 19.9, 19.9, 2000-00-00 01:11:02.880, 21.97, 10210.1.22,
 22:19:52.792,d3936a3e-b5f0-4115-b0f6-a014a23744d3, 0.8052, 0.5889, 0.1602, 1.0381, 0.7754, 0.2837, 55.55, 41.72, 0.00, 443, 333, 0, 19.9, 19.9, 19.9, 2000-00-00 01:11:02.970, 21.97, 10210.1.22,
 22:19:52.880,d3936a3e-b5f0-4115-b0f6-a014a23744d3, 0.8052, 0.5889, 0.1606, 1.0596, 0.8091, 0.2852, 56.06, 42.44, 0.00, 447, 339, 0, 19.9, 19.9, 19.9, 2000-00-00 01:11:03.060, 22.22, 10210.1.22,
 22:19:52.971,d3936a3e-b5f0-4115-b0f6-a014a23744d3, 0.8057, 0.5889, 0.1606, 1.0918, 0.8359, 0.2808, 56.57, 42.78, 0.00, 452, 341, 0, 19.9, 19.9, 19.9, 2000-00-00 01:11:03.145, 22.09, 10210.1.22,
 22:19:53.063,d3936a3e-b5f0-4115-b0f6-a014a23744d3, 0.8057, 0.5889, 0.1611, 1.1226, 0.8179, 0.2891, 57.02, 42.61, 0.00, 455, 340, 0, 19.9, 19.9, 19.9, 2000-00-00 01:11:03.240, 21.97, 10210.1.22,
 22:19:53.154,d3936a3e-b5f0-4115-b0f6-a014a23744d3, 0.8057, 0.5889, 0.1611, 1.1353, 0.7969, 0.3047, 57.12, 41.88, 0.00, 456, 334, 0, 19.9, 19.9, 19.9, 2000-00-00 01:11:03.330, 21.78, 10210.1.22,
 22:19:53.243,d3936a3e-b5f0-4115-b0f6-a014a23744d3, 0.8057, 0.5889, 0.1616, 1.1328, 0.8022, 0.3008, 56.95, 42.19, 0.00, 455, 337, 0, 19.9, 19.9, 19.9, 2000-00-00 01:11:03.420, 21.90, 10210.1.22,
 22:19:53.334,d3936a3e-b5f0-4115-b0f6-a014a23744d3, 0.8057, 0.5889, 0.1616, 1.0093, 0.7588, 0.3062, 53.86, 38.93, 0.00, 430, 311, 0, 19.9, 19.9, 19.9, 2000-00-00 01:11:03.510, 21.84, 10210.1.22,
 22:19:53.423,d3936a3e-b5f0-4115-b0f6-a014a23744d3, 0.8057, 0.5889, 0.1616, 0.9233, 0.6865, 0.3105, 50.72, 35.24, 0.00, 405, 281, 0, 19.9, 19.9, 19.9, 2000-00-00 01:11:03.600, 21.78, 10210.1.22,
 22:19:53.515,d3936a3e-b5f0-4115-b0f6-a014a23744d3, 0.8057, 0.5884, 0.1621, 0.8364, 0.6416, 0.3364, 48.86, 33.32, 0.00, 390, 266, 0, 19.9, 19.9, 19.9, 2000-00-00 01:11:03.690, 21.71, 10210.1.22,
 22:19:53.605,d3936a3e-b5f0-4115-b0f6-a014a23744d3, 0.8057, 0.5884, 0.1621, 0.7778, 0.6206, 0.3291, 46.95, 32.14, 0.00, 375, 256, 0, 19.9, 19.9, 19.9, 2000-00-00 01:11:03.780, 21.71, 10210.1.22,
 22:19:53.696,d3936a3e-b5f0-4115-b0f6-a014a23744d3, 0.8057, 0.5884, 0.1621, 0.7476, 0.6118, 0.3096, 46.13, 31.17, 0.00, 368, 249, 0, 19.9, 19.9, 19.9, 2000-00-00 01:11:03.870, 21.78, 10210.1.22,
 22:19:53.787,d3936a3e-b5f0-4115-b0f6-a014a23744d3, 0.8057, 0.5884, 0.1621, 0.7476, 0.6118, 0.3096, 46.13, 31.17, 0.00, 368, 249, 0, 19.9, 19.9, 19.9, 2000-00-00 01:11:03.965, 21.78, 10210.1.22,
 22:19:53.879,d3936a3e-b5f0-4115-b0f6-a014a23744d3, 0.8057, 0.5884, 0.1621, 0.7656, 0.6372, 0.2964, 46.93, 32.65, 0.00, 375, 260, 0, 19.9, 19.9, 19.9, 2000-00-00 01:11:04.055, 21.84, 10210.1.22,
 22:19:53.969,d3936a3e-b5f0-4115-b0f6-a014a23744d3, 0.8057, 0.5884, 0.1621, 0.9209, 0.7788, 0.3125, 51.60, 37.41, 0.00, 412, 299, 0, 19.9, 19.9, 19.9, 2000-00-00 01:11:04.145, 21.46, 10210.1.22,
 22:19:54.060,d3936a3e-b5f0-4115-b0f6-a014a23744d3, 0.8057, 0.5884, 0.1626, 1.1338, 0.8745, 0.3179, 55.81, 41.26, 0.00, 446, 329, 0, 19.9, 19.9, 19.9, 2000-00-00 01:11:04.235, 21.84, 10210.1.22,
 22:19:54.150,d3936a3e-b5f0-4115-b0f6-a014a23744d3, 0.8057, 0.5884, 0.1626, 1.1079, 0.8765, 0.3335, 55.57, 40.17, 0.00, 444, 321, 0, 19.9, 19.9, 19.9, 2000-00-00 01:11:04.325, 21.78, 10210.1.22,
 22:19:54.239,d3936a3e-b5f0-4115-b0f6-a014a23744d3, 0.8057, 0.5884, 0.1631, 0.9990, 0.7822, 0.3276, 54.63, 38.01, 0.00, 436, 303, 0, 19.9, 19.9, 19.9, 2000-00-00 01:11:04.415, 21.90, 10210.1.22,
 22:19:54.329,d3936a3e-b5f0-4115-b0f6-a014a23744d3, 0.8057, 0.5879, 0.1631, 1.0610, 0.8052, 0.3218, 55.67, 38.40, 0.00, 444, 306, 0, 19.9, 19.9, 19.9, 2000-00-00 01:11:04.505, 21.97, 10210.1.22,
 22:19:54.419,d3936a3e-b5f0-4115-b0f6-a014a23744d3, 0.8057, 0.5879, 0.1631, 1.0742, 0.8184, 0.3369, 56.03, 38.86, 0.00, 447, 310, 0, 19.9, 19.9, 19.9, 2000-00-00 01:11:04.595, 22.09, 10210.1.22,
 22:19:54.510,d3936a3e-b5f0-4115-b0f6-a014a23744d3, 0.8057, 0.5879, 0.1636, 1.0972, 0.8442, 0.3452, 56.60, 39.50, 0.00, 452, 315, 0, 19.9, 19.9, 19.9, 2000-00-00 01:11:04.685, 21.78, 10210.1.22,
 22:19:54.601,d3936a3e-b5f0-4115-b0f6-a014a23744d3, 0.8062, 0.5879, 0.1641, 1.1299, 0.8735, 0.3447, 57.31, 40.63, 0.00, 457, 324, 0, 19.9, 19.9, 19.9, 2000-00-00 01:11:04.775, 21.78, 10210.1.22,
 22:19:54.691,d3936a3e-b5f0-4115-b0f6-a014a23744d3, 0.8057, 0.5879, 0.1641, 1.1689, 0.8662, 0.3394, 58.43, 41.32, 0.00, 466, 330, 0, 19.9, 19.9, 19.9, 2000-00-00 01:11:04.870, 21.97, 10210.1.22,
 22:19:54.783,d3936a3e-b5f0-4115-b0f6-a014a23744d3, 0.8057, 0.5879, 0.1646, 1.2075, 0.8828, 0.3359, 58.51, 42.01, 0.00, 467, 335, 0, 19.9, 19.9, 19.9, 2000-00-00 01:11:04.960, 21.90, 10210.1.22,
 22:19:54.875,d3936a3e-b5f0-4115-b0f6-a014a23744d3, 0.8057, 0.5879, 0.1646, 1.2075, 0.8828, 0.3359, 58.51, 42.01, 0.00, 467, 335, 0, 19.9, 19.9, 19.9, 2000-00-00 01:11:05.050, 21.84, 10210.1.22,
 22:19:54.963,d3936a3e-b5f0-4115-b0f6-a014a23744d3, 0.8062, 0.5879, 0.1646, 1.3057, 0.9229, 0.3477, 60.10, 43.46, 0.00, 480, 347, 0, 19.9, 19.9, 19.9, 2000-00-00 01:11:05.140, 21.84, 10210.1.22,
 22:19:55.053,d3936a3e-b5f0-4115-b0f6-a014a23744d3, 0.8062, 0.5879, 0.1650, 1.3408, 0.9443, 0.3423, 61.35, 44.02, 0.00, 490, 351, 0, 19.9, 19.9, 19.9, 2000-00-00 01:11:05.230, 21.97, 10210.1.22,
 22:19:55.142,d3936a3e-b5f0-4115-b0f6-a014a23744d3, 0.8062, 0.5879, 0.1655, 1.3154, 0.9097, 0.3462, 61.59, 43.28, 0.00, 492, 345, 0, 19.9, 19.9, 19.9, 2000-00-00 01:11:05.320, 21.90, 10210.1.22,
 22:19:55.232,d3936a3e-b5f0-4115-b0f6-a014a23744d3, 0.8062, 0.5879, 0.1655, 1.2891, 0.8657, 0.3457, 61.62, 42.46, 0.00, 492, 339, 0, 19.9, 19.9, 19.9, 2000-00-00 01:11:05.410, 21.71, 10210.1.22,
 22:19:55.321,d3936a3e-b5f0-4115-b0f6-a014a23744d3, 0.8066, 0.5879, 0.1660, 1.3311, 0.8540, 0.3496, 62.45, 42.32, 0.00, 499, 338, 0, 19.9, 19.9, 19.9, 2000-00-00 01:11:05.500, 21.78, 10210.1.22,
 22:19:55.412,d3936a3e-b5f0-4115-b0f6-a014a23744d3, 0.8066, 0.5879, 0.1665, 1.3359, 0.8247, 0.3511, 62.45, 42.22, 0.00, 499, 337, 0, 19.9, 19.9, 19.9, 2000-00-00 01:11:05.585, 21.78, 10210.1.22,
 22:19:55.502,d3936a3e-b5f0-4115-b0f6-a014a23744d3, 0.8066, 0.5879, 0.1665, 1.3545, 0.8213, 0.3496, 62.68, 42.08, 0.00, 500, 336, 0, 19.9, 19.9, 19.9, 2000-00-00 01:11:05.680, 21.84, 10210.1.22,
 22:19:55.592,d3936a3e-b5f0-4115-b0f6-a014a23744d3, 0.8066, 0.5879, 0.1670, 1.3262, 0.8281, 0.3589, 62.27, 42.17, 0.00, 497, 336, 0, 19.9, 19.9, 19.9, 2000-00-00 01:11:05.770, 21.78, 10210.1.22,
 22:19:55.683,d3936a3e-b5f0-4115-b0f6-a014a23744d3, 0.8071, 0.5879, 0.1675, 1.3359, 0.8296, 0.3711, 62.69, 42.22, 0.00, 501, 337, 0, 19.9, 19.9, 19.9, 2000-00-00 01:11:05.860, 21.90, 10210.1.22,
 22:19:55.773,d3936a3e-b5f0-4115-b0f6-a014a23744d3, 0.8071, 0.5874, 0.1675, 1.2959, 0.8315, 0.3613, 61.73, 41.83, 0.00, 493, 334, 0, 19.9, 19.9, 19.9, 2000-00-00 01:11:05.950, 21.90, 10210.1.22,
 22:19:55.862,d3936a3e-b5f0-4115-b0f6-a014a23744d3, 0.8071, 0.5874, 0.1680, 1.2549, 0.8315, 0.3472, 61.00, 41.73, 0.00, 487, 333, 0, 19.9, 19.9, 19.9, 2000-00-00 01:11:06.040, 21.78, 10210.1.22,
 22:19:55.951,d3936a3e-b5f0-4115-b0f6-a014a23744d3, 0.8071, 0.5874, 0.1680, 1.2549, 0.8315, 0.3472, 61.00, 41.73, 0.00, 487, 333, 0, 19.9, 19.9, 19.9, 2000-00-00 01:11:06.130, 21.97, 10210.1.22,
 22:19:56.043,d3936a3e-b5f0-4115-b0f6-a014a23744d3, 0.8076, 0.5874, 0.1680, 1.2524, 0.8374, 0.3477, 60.95, 41.90, 0.00, 487, 334, 0, 19.9, 19.9, 19.9, 2000-00-00 01:11:06.220, 22.09, 10210.1.22,
 22:19:56.132,d3936a3e-b5f0-4115-b0f6-a014a23744d3, 0.8076, 0.5874, 0.1685, 1.3330, 0.8911, 0.3569, 62.11, 42.84, 0.00, 496, 342, 0, 19.9, 19.9, 19.9, 2000-00-00 01:11:06.310, 21.90, 10210.1.22,
 22:19:56.223,d3936a3e-b5f0-4115-b0f6-a014a23744d3, 0.8076, 0.5874, 0.1689, 1.3965, 0.9248, 0.3701, 62.96, 43.81, 0.00, 503, 350, 0, 19.9, 19.9, 19.9, 2000-00-00 01:11:06.400, 21.84, 10210.1.22,
 22:19:56.314,d3936a3e-b5f0-4115-b0f6-a014a23744d3, 0.8076, 0.5879, 0.1689, 1.4116, 0.9741, 0.3623, 62.92, 44.50, 0.00, 502, 355, 0, 19.9, 19.9, 19.9, 2000-00-00 01:11:06.490, 21.90, 10210.1.22,
 22:19:56.403,d3936a3e-b5f0-4115-b0f6-a014a23744d3, 0.8081, 0.5879, 0.1694, 1.4600, 0.9678, 0.3735, 63.77, 44.17, 0.00, 509, 353, 0, 19.9, 19.9, 19.9, 2000-00-00 01:11:06.580, 21.97, 10210.1.22,
 22:19:56.495,d3936a3e-b5f0-4115-b0f6-a014a23744d3, 0.8081, 0.5879, 0.1694, 1.4419, 0.9575, 0.3755, 63.83, 44.18, 0.00, 510, 353, 0, 19.9, 19.9, 19.9, 2000-00-00 01:11:06.670, 21.78, 10210.1.22,
 22:19:56.586,d3936a3e-b5f0-4115-b0f6-a014a23744d3, 0.8081, 0.5879, 0.1699, 1.4541, 0.9531, 0.3799, 64.30, 44.27, 0.00, 513, 353, 0, 19.9, 19.9, 19.9, 2000-00-00 01:11:06.760, 21.78, 10210.1.22,
 22:19:56.675,d3936a3e-b5f0-4115-b0f6-a014a23744d3, 0.8086, 0.5879, 0.1699, 1.4653, 0.9395, 0.3765, 64.73, 43.74, 0.00, 517, 349, 0, 19.9, 19.9, 19.9, 2000-00-00 01:11:06.850, 21.78, 10210.1.22,
 22:19:56.766,d3936a3e-b5f0-4115-b0f6-a014a23744d3, 0.8086, 0.5879, 0.1704, 1.4604, 0.9189, 0.3657, 64.55, 43.23, 0.00, 515, 345, 0, 19.9, 19.9, 19.9, 2000-00-00 01:11:06.940, 21.90, 10210.1.22,
 22:19:56.857,d3936a3e-b5f0-4115-b0f6-a014a23744d3, 0.8086, 0.5879, 0.1709, 1.4507, 0.9019, 0.3701, 64.39, 42.68, 0.00, 514, 341, 0, 19.9, 19.9, 19.9, 2000-00-00 01:11:07.035, 21.84, 10210.1.22,
 22:19:56.947,d3936a3e-b5f0-4115-b0f6-a014a23744d3, 0.8086, 0.5879, 0.1709, 1.4619, 0.8604, 0.3740, 64.65, 42.37, 0.00, 516, 338, 0, 19.9, 19.9, 19.9, 2000-00-00 01:11:07.125, 21.90, 10210.1.22,
 22:19:57.037,d3936a3e-b5f0-4115-b0f6-a014a23744d3, 0.8086, 0.5879, 0.1709, 1.4619, 0.8604, 0.3740, 64.65, 42.37, 0.00, 516, 338, 0, 19.9, 19.9, 19.9, 2000-00-00 01:11:07.215, 21.78, 10210.1.22,
 22:19:57.128,d3936a3e-b5f0-4115-b0f6-a014a23744d3, 0.8091, 0.5874, 0.1714, 1.4438, 0.8506, 0.3691, 64.62, 42.33, 0.00, 516, 338, 0, 19.9, 19.9, 19.9, 2000-00-00 01:11:07.305, 22.09, 10210.1.22,
 22:19:57.217,d3936a3e-b5f0-4115-b0f6-a014a23744d3, 0.8091, 0.5879, 0.1714, 1.4648, 0.8638, 0.3799, 64.88, 42.35, 0.00, 518, 338, 0, 19.9, 19.9, 19.9, 2000-00-00 01:11:07.395, 21.84, 10210.1.22,
 22:19:57.306,d3936a3e-b5f0-4115-b0f6-a014a23744d3, 0.8091, 0.5874, 0.1719, 1.4370, 0.8643, 0.3940, 64.20, 42.12, 0.00, 513, 336, 0, 19.9, 19.9, 19.9, 2000-00-00 01:11:07.485, 21.97, 10210.1.22,
 22:19:57.396,d3936a3e-b5f0-4115-b0f6-a014a23744d3, 0.8091, 0.5874, 0.1719, 1.3936, 0.8369, 0.3887, 63.47, 41.66, 0.00, 507, 332, 0, 19.9, 19.9, 19.9, 2000-00-00 01:11:07.575, 22.09, 10210.1.22,
 22:19:57.486,d3936a3e-b5f0-4115-b0f6-a014a23744d3, 0.8091, 0.5874, 0.1724, 1.4053, 0.8516, 0.3804, 64.02, 42.11, 0.00, 511, 336, 0, 19.9, 19.9, 19.9, 2000-00-00 01:11:07.660, 21.84, 10210.1.22,
 22:19:57.576,d3936a3e-b5f0-4115-b0f6-a014a23744d3, 0.8096, 0.5874, 0.1729, 1.4194, 0.8657, 0.3691, 64.38, 42.22, 0.00, 514, 337, 0, 19.9, 19.9, 19.9, 2000-00-00 01:11:07.750, 21.84, 10210.1.22,
 22:19:57.666,d3936a3e-b5f0-4115-b0f6-a014a23744d3, 0.8096, 0.5874, 0.1729, 1.4136, 0.8594, 0.3589, 64.15, 42.51, 0.00, 512, 339, 0, 19.9, 19.9, 19.9, 2000-00-00 01:11:07.845, 21.71, 10210.1.22,
 22:19:57.758,d3936a3e-b5f0-4115-b0f6-a014a23744d3, 0.8096, 0.5879, 0.1733, 1.4473, 0.9038, 0.3599, 64.89, 43.13, 0.00, 518, 344, 0, 19.9, 19.9, 19.9, 2000-00-00 01:11:07.935, 21.78, 10210.1.22,
 22:19:57.848,d3936a3e-b5f0-4115-b0f6-a014a23744d3, 0.8096, 0.5879, 0.1733, 1.4312, 0.9170, 0.3589, 64.48, 43.32, 0.00, 515, 346, 0, 19.9, 19.9, 19.9, 2000-00-00 01:11:08.025, 21.84, 10210.1.22,
 22:19:57.939,d3936a3e-b5f0-4115-b0f6-a014a23744d3, 0.8096, 0.5879, 0.1738, 1.4531, 0.9229, 0.3667, 64.78, 43.45, 0.00, 517, 347, 0, 19.9, 19.9, 19.9, 2000-00-00 01:11:08.115, 21.84, 10210.1.22,
 22:19:58.029,d3936a3e-b5f0-4115-b0f6-a014a23744d3, 0.8096, 0.5879, 0.1738, 1.4531, 0.9229, 0.3667, 64.78, 43.45, 0.00, 517, 347, 0, 19.9, 19.9, 19.9, 2000-00-00 01:11:08.205, 21.84, 10210.1.22,
 22:19:58.119,d3936a3e-b5f0-4115-b0f6-a014a23744d3, 0.8096, 0.5879, 0.1738, 1.4277, 0.9468, 0.3672, 63.63, 43.53, 0.00, 508, 347, 0, 19.9, 19.9, 19.9, 2000-00-00 01:11:08.295, 21.90, 10210.1.22,
 22:19:58.210,d3936a3e-b5f0-4115-b0f6-a014a23744d3, 0.8096, 0.5874, 0.1743, 1.2603, 0.8652, 0.3560, 59.34, 40.28, 0.00, 474, 321, 0, 19.9, 19.9, 19.9, 2000-00-00 01:11:08.385, 21.90, 10210.1.22,
 22:19:58.298,d3936a3e-b5f0-4115-b0f6-a014a23744d3, 0.8096, 0.5874, 0.1743, 1.1099, 0.7441, 0.3398, 56.85, 38.22, 0.00, 454, 305, 0, 19.9, 19.9, 19.9, 2000-00-00 01:11:08.475, 21.78, 10210.1.22,
 22:19:58.389,d3936a3e-b5f0-4115-b0f6-a014a23744d3, 0.8096, 0.5874, 0.1743, 1.3921, 0.9302, 0.3486, 61.19, 42.28, 0.00, 488, 337, 0, 19.9, 19.9, 19.9, 2000-00-00 01:11:08.565, 21.78, 10210.1.22,
 22:19:58.479,d3936a3e-b5f0-4115-b0f6-a014a23744d3, 0.8096, 0.5879, 0.1748, 1.6265, 1.0796, 0.3818, 66.67, 46.69, 0.00, 532, 373, 0, 19.9, 19.9, 19.9, 2000-00-00 01:11:08.655, 21.90, 10210.1.22,
 22:19:58.570,d3936a3e-b5f0-4115-b0f6-a014a23744d3, 0.8096, 0.5884, 0.1748, 1.5796, 1.0918, 0.3755, 66.31, 46.64, 0.00, 529, 372, 0, 19.9, 19.9, 19.9, 2000-00-00 01:11:08.745, 22.09, 10210.1.22,
 22:19:58.660,d3936a3e-b5f0-4115-b0f6-a014a23744d3, 0.8096, 0.5884, 0.1753, 1.5010, 1.0464, 0.3779, 64.45, 45.65, 0.00, 515, 364, 0, 19.9, 19.9, 19.9, 2000-00-00 01:11:08.835, 21.90, 10210.1.22,
 22:19:58.750,d3936a3e-b5f0-4115-b0f6-a014a23744d3, 0.8096, 0.5884, 0.1753, 1.5630, 1.0522, 0.3794, 64.54, 45.35, 0.00, 515, 362, 0, 19.9, 19.9, 19.9, 2000-00-00 01:11:08.925, 21.90, 10210.1.22,
 22:19:58.842,d3936a3e-b5f0-4115-b0f6-a014a23744d3, 0.8096, 0.5889, 0.1758, 1.6113, 1.0767, 0.3799, 65.99, 45.60, 0.00, 527, 364, 0, 19.9, 19.9, 19.9, 2000-00-00 01:11:09.015, 21.78, 10210.1.22,
 22:19:58.931,d3936a3e-b5f0-4115-b0f6-a014a23744d3, 0.8096, 0.5894, 0.1758, 1.6055, 1.0713, 0.3828, 65.52, 45.64, 0.00, 523, 364, 0, 19.9, 19.9, 19.9, 2000-00-00 01:11:09.110, 21.97, 10210.1.22,
 22:19:59.021,d3936a3e-b5f0-4115-b0f6-a014a23744d3, 0.8096, 0.5894, 0.1763, 1.5532, 1.0498, 0.3882, 65.71, 45.72, 0.00, 525, 365, 0, 19.9, 19.9, 19.9, 2000-00-00 01:11:09.195, 21.78, 10210.1.22,
 22:19:59.112,d3936a3e-b5f0-4115-b0f6-a014a23744d3, 0.8096, 0.5894, 0.1763, 1.5532, 1.0498, 0.3882, 65.71, 45.72, 0.00, 525, 365, 0, 19.9, 19.9, 19.9, 2000-00-00 01:11:09.285, 21.78, 10210.1.22,
 22:19:59.204,d3936a3e-b5f0-4115-b0f6-a014a23744d3, 0.8096, 0.5894, 0.1763, 1.5273, 1.0308, 0.3813, 63.51, 45.04, 0.00, 507, 359, 0, 19.9, 19.9, 19.9, 2000-00-00 01:11:09.380, 21.78, 10210.1.22,
 22:19:59.293,d3936a3e-b5f0-4115-b0f6-a014a23744d3, 0.8096, 0.5894, 0.1768, 1.5190, 1.0366, 0.3779, 64.56, 45.49, 0.00, 515, 363, 0, 19.9, 19.9, 19.9, 2000-00-00 01:11:09.470, 21.97, 10210.1.22,
 22:19:59.381,d3936a3e-b5f0-4115-b0f6-a014a23744d3, 0.8096, 0.5894, 0.1768, 1.4229, 0.9526, 0.3726, 61.93, 43.13, 0.00, 494, 344, 0, 19.9, 19.9, 19.9, 2000-00-00 01:11:09.560, 21.90, 10210.1.22,
 22:19:59.470,d3936a3e-b5f0-4115-b0f6-a014a23744d3, 0.8101, 0.5889, 0.1772, 1.2725, 0.8711, 0.3535, 59.52, 41.25, 0.00, 475, 329, 0, 19.9, 19.9, 19.9, 2000-00-00 01:11:09.645, 21.84, 10210.1.22,
 22:19:59.559,d3936a3e-b5f0-4115-b0f6-a014a23744d3, 0.8101, 0.5889, 0.1772, 1.3013, 0.8936, 0.3564, 59.44, 41.35, 0.00, 475, 330, 0, 19.9, 19.9, 19.9, 2000-00-00 01:11:09.735, 21.84, 10210.1.22,
 22:19:59.648,d3936a3e-b5f0-4115-b0f6-a014a23744d3, 0.8101, 0.5889, 0.1772, 1.4434, 0.9644, 0.3584, 61.95, 43.43, 0.00, 495, 347, 0, 19.9, 19.9, 19.9, 2000-00-00 01:11:09.825, 21.84, 10210.1.22,
 22:19:59.737,d3936a3e-b5f0-4115-b0f6-a014a23744d3, 0.8105, 0.5889, 0.1777, 1.4907, 1.0186, 0.3706, 62.96, 44.64, 0.00, 503, 356, 0, 19.9, 19.9, 19.9, 2000-00-00 01:11:09.915, 22.09, 10210.1.22,
 22:19:59.828,d3936a3e-b5f0-4115-b0f6-a014a23744d3, 0.8105, 0.5889, 0.1777, 1.4980, 1.0176, 0.3721, 63.34, 45.35, 0.00, 506, 362, 0, 19.9, 19.9, 19.9, 2000-00-00 01:11:10.005, 21.84, 10210.1.22,
 22:19:59.917,d3936a3e-b5f0-4115-b0f6-a014a23744d3, 0.8110, 0.5889, 0.1777, 1.5752, 1.0547, 0.4009, 65.55, 46.96, 0.00, 523, 375, 0, 19.9, 19.9, 19.9, 2000-00-00 01:11:10.095, 21.97, 10210.1.22,
 22:20:00.008,d3936a3e-b5f0-4115-b0f6-a014a23744d3, 0.8110, 0.5889, 0.1782, 1.6235, 1.0679, 0.3926, 66.19, 47.02, 0.00, 529, 375, 0, 19.9, 19.9, 19.9, 2000-00-00 01:11:10.185, 21.90, 10210.1.22,
 22:20:00.099,d3936a3e-b5f0-4115-b0f6-a014a23744d3, 0.8110, 0.5889, 0.1782, 1.6235, 1.0679, 0.3926, 66.19, 47.02, 0.00, 529, 375, 0, 19.9, 19.9, 19.9, 2000-00-00 01:11:10.275, 21.71, 10210.1.22,
 22:20:00.189,d3936a3e-b5f0-4115-b0f6-a014a23744d3, 0.8115, 0.5889, 0.1782, 1.6016, 1.0566, 0.3965, 65.64, 46.53, 0.00, 524, 371, 0, 19.9, 19.9, 19.9, 2000-00-00 01:11:10.365, 21.78, 10210.1.22,
 22:20:00.279,d3936a3e-b5f0-4115-b0f6-a014a23744d3, 0.8115, 0.5889, 0.1787, 1.5625, 1.0308, 0.3916, 65.29, 45.94, 0.00, 521, 367, 0, 19.9, 19.9, 19.9, 2000-00-00 01:11:10.455, 22.09, 10210.1.22,
 22:20:00.369,d3936a3e-b5f0-4115-b0f6-a014a23744d3, 0.8115, 0.5889, 0.1787, 1.5825, 1.0542, 0.3940, 65.84, 46.67, 0.00, 526, 372, 0, 19.9, 19.9, 19.9, 2000-00-00 01:11:10.545, 21.78, 10210.1.22,
 22:20:00.459,d3936a3e-b5f0-4115-b0f6-a014a23744d3, 0.8115, 0.5894, 0.1792, 1.6230, 1.0586, 0.3862, 66.67, 47.15, 0.00, 532, 376, 0, 19.9, 19.9, 19.9, 2000-00-00 01:11:10.635, 21.78, 10210.1.22,
 22:20:00.548,d3936a3e-b5f0-4115-b0f6-a014a23744d3, 0.8120, 0.5894, 0.1792, 1.5947, 1.0522, 0.3813, 67.02, 47.49, 0.00, 542, 384, 0, 19.6, 19.6, 19.6, 2000-00-00 01:11:10.725, 21.78, 10210.1.22,
 22:20:00.636,d3936a3e-b5f0-4115-b0f6-a014a23744d3, 0.8120, 0.5894, 0.1797, 1.5986, 1.0513, 0.3779, 66.79, 47.41, 0.00, 540, 383, 0, 19.6, 19.6, 19.6, 2000-00-00 01:11:10.815, 21.65, 10210.1.22,
 22:20:00.724,d3936a3e-b5f0-4115-b0f6-a014a23744d3, 0.8120, 0.5894, 0.1797, 1.6162, 1.0498, 0.3867, 67.18, 47.39, 0.00, 543, 383, 0, 19.6, 19.6, 19.6, 2000-00-00 01:11:10.900, 21.71, 10210.1.22,
 22:20:00.813,d3936a3e-b5f0-4115-b0f6-a014a23744d3, 0.8120, 0.5894, 0.1802, 1.5952, 1.0142, 0.3789, 67.00, 46.84, 0.00, 542, 379, 0, 19.6, 19.6, 19.6, 2000-00-00 01:11:10.990, 21.84, 10210.1.22,
 22:20:00.903,d3936a3e-b5f0-4115-b0f6-a014a23744d3, 0.8120, 0.5898, 0.1802, 1.5967, 1.0273, 0.3818, 66.84, 47.07, 0.00, 540, 380, 0, 19.6, 19.6, 19.6, 2000-00-00 01:11:11.075, 21.78, 10210.1.22,
 22:20:00.993,d3936a3e-b5f0-4115-b0f6-a014a23744d3, 0.8120, 0.5898, 0.1807, 1.5820, 1.0078, 0.3857, 66.37, 47.27, 0.00, 537, 382, 0, 19.6, 19.6, 19.6, 2000-00-00 01:11:11.170, 21.78, 10210.1.22,
 22:20:01.082,d3936a3e-b5f0-4115-b0f6-a014a23744d3, 0.8120, 0.5898, 0.1807, 1.5820, 1.0078, 0.3857, 66.37, 47.27, 0.00, 537, 382, 0, 19.6, 19.6, 19.6, 2000-00-00 01:11:11.255, 21.84, 10210.1.22,
 22:20:01.173,d3936a3e-b5f0-4115-b0f6-a014a23744d3, 0.8120, 0.5898, 0.1807, 1.6328, 1.1050, 0.3926, 65.69, 48.31, 0.00, 531, 390, 0, 19.6, 19.6, 19.6, 2000-00-00 01:11:11.345, 21.90, 10210.1.22,
 22:20:01.262,d3936a3e-b5f0-4115-b0f6-a014a23744d3, 0.8120, 0.5898, 0.1812, 1.4624, 1.0410, 0.3628, 61.88, 45.95, 0.00, 500, 371, 0, 19.6, 19.6, 19.6, 2000-00-00 01:11:11.435, 21.84, 10210.1.22,
 22:20:01.352,d3936a3e-b5f0-4115-b0f6-a014a23744d3, 0.8115, 0.5898, 0.1812, 1.3853, 1.0259, 0.3525, 60.25, 44.53, 0.00, 487, 360, 0, 19.6, 19.6, 19.6, 2000-00-00 01:11:11.525, 21.90, 10210.1.22,
 22:20:01.443,d3936a3e-b5f0-4115-b0f6-a014a23744d3, 0.8115, 0.5898, 0.1812, 1.5078, 1.0806, 0.3701, 61.60, 44.91, 0.00, 498, 363, 0, 19.6, 19.6, 19.6, 2000-00-00 01:11:11.615, 21.90, 10210.1.22,
 22:20:01.534,d3936a3e-b5f0-4115-b0f6-a014a23744d3, 0.8115, 0.5903, 0.1816, 1.6860, 1.1587, 0.3999, 64.00, 48.02, 0.00, 517, 388, 0, 19.6, 19.6, 19.6, 2000-00-00 01:11:11.705, 21.84, 10210.1.22,
 22:20:01.623,d3936a3e-b5f0-4115-b0f6-a014a23744d3, 0.8115, 0.5908, 0.1816, 1.8218, 1.2466, 0.4106, 67.89, 49.48, 0.00, 549, 400, 0, 19.6, 19.6, 19.6, 2000-00-00 01:11:11.800, 21.78, 10210.1.22,
 22:20:01.713,d3936a3e-b5f0-4115-b0f6-a014a23744d3, 0.8115, 0.5908, 0.1821, 1.6406, 1.1309, 0.3853, 66.12, 47.29, 0.00, 535, 382, 0, 19.6, 19.6, 19.6, 2000-00-00 01:11:11.885, 21.78, 10210.1.22,
 22:20:01.802,d3936a3e-b5f0-4115-b0f6-a014a23744d3, 0.8120, 0.5903, 0.1821, 1.6357, 1.1299, 0.3970, 66.29, 47.16, 0.00, 536, 381, 0, 19.6, 19.6, 19.6, 2000-00-00 01:11:11.980, 21.84, 10210.1.22,
 22:20:01.891,d3936a3e-b5f0-4115-b0f6-a014a23744d3, 0.8120, 0.5908, 0.1826, 1.7021, 1.1563, 0.4116, 68.08, 48.62, 0.00, 550, 393, 0, 19.6, 19.6, 19.6, 2000-00-00 01:11:12.065, 21.97, 10210.1.22,
 22:20:01.983,d3936a3e-b5f0-4115-b0f6-a014a23744d3, 0.8120, 0.5908, 0.1826, 1.6772, 1.1250, 0.4014, 66.87, 47.86, 0.00, 541, 387, 0, 19.6, 19.6, 19.6, 2000-00-00 01:11:12.155, 21.78, 10210.1.22,
 22:20:02.072,d3936a3e-b5f0-4115-b0f6-a014a23744d3, 0.8125, 0.5908, 0.1826, 1.6772, 1.1250, 0.4014, 66.87, 47.86, 0.00, 541, 387, 0, 19.6, 19.6, 19.6, 2000-00-00 01:11:12.245, 21.78, 10210.1.22,
 22:20:02.162,d3936a3e-b5f0-4115-b0f6-a014a23744d3, 0.8125, 0.5903, 0.1826, 1.5200, 1.0176, 0.3691, 63.08, 45.20, 0.00, 510, 365, 0, 19.6, 19.6, 19.6, 2000-00-00 01:11:12.335, 21.78, 10210.1.22,
 22:20:02.253,d3936a3e-b5f0-4115-b0f6-a014a23744d3, 0.8130, 0.5903, 0.1826, 1.2949, 0.9150, 0.3354, 58.79, 42.84, 0.00, 475, 346, 0, 19.6, 19.6, 19.6, 2000-00-00 01:11:12.425, 22.09, 10210.1.22,
 22:20:02.341,d3936a3e-b5f0-4115-b0f6-a014a23744d3, 0.8130, 0.5898, 0.1826, 1.2363, 0.9150, 0.3252, 56.69, 41.64, 0.00, 458, 336, 0, 19.6, 19.6, 19.6, 2000-00-00 01:11:12.515, 21.97, 10210.1.22,
 22:20:02.432,d3936a3e-b5f0-4115-b0f6-a014a23744d3, 0.8130, 0.5894, 0.1826, 1.2578, 0.9673, 0.3262, 57.11, 42.03, 0.00, 462, 340, 0, 19.6, 19.6, 19.6, 2000-00-00 01:11:12.605, 22.22, 10210.1.22,
 22:20:02.521,d3936a3e-b5f0-4115-b0f6-a014a23744d3, 0.8135, 0.5894, 0.1826, 1.3496, 1.0669, 0.3379, 58.88, 43.26, 0.00, 476, 350, 0, 19.6, 19.6, 19.6, 2000-00-00 01:11:12.695, 21.78, 10210.1.22,
 22:20:02.612,d3936a3e-b5f0-4115-b0f6-a014a23744d3, 0.8135, 0.5894, 0.1826, 1.4414, 1.1548, 0.3550, 60.77, 46.24, 0.00, 491, 374, 0, 19.6, 19.6, 19.6, 2000-00-00 01:11:12.785, 21.90, 10210.1.22,
 22:20:02.701,d3936a3e-b5f0-4115-b0f6-a014a23744d3, 0.8135, 0.5898, 0.1826, 1.4561, 1.1621, 0.3589, 61.36, 47.16, 0.00, 496, 381, 0, 19.6, 19.6, 19.6, 2000-00-00 01:11:12.875, 21.90, 10210.1.22,
 22:20:02.790,d3936a3e-b5f0-4115-b0f6-a014a23744d3, 0.8135, 0.5898, 0.1826, 1.4639, 1.1592, 0.3647, 61.56, 47.26, 0.00, 498, 382, 0, 19.6, 19.6, 19.6, 2000-00-00 01:11:12.965, 21.71, 10210.1.22,
 22:20:02.881,d3936a3e-b5f0-4115-b0f6-a014a23744d3, 0.8140, 0.5898, 0.1831, 1.4883, 1.1943, 0.3804, 61.99, 47.71, 0.00, 501, 386, 0, 19.6, 19.6, 19.6, 2000-00-00 01:11:13.055, 21.90, 10210.1.22,
 22:20:02.972,d3936a3e-b5f0-4115-b0f6-a014a23744d3, 0.8140, 0.5898, 0.1831, 1.5566, 1.1997, 0.3896, 63.61, 48.46, 0.00, 514, 392, 0, 19.6, 19.6, 19.6, 2000-00-00 01:11:13.145, 21.84, 10210.1.22,
 22:20:03.063,d3936a3e-b5f0-4115-b0f6-a014a23744d3, 0.8140, 0.5903, 0.1831, 1.5498, 1.2100, 0.3901, 63.39, 48.60, 0.00, 513, 393, 0, 19.6, 19.6, 19.6, 2000-00-00 01:11:13.235, 21.71, 10210.1.22,
 22:20:03.152,d3936a3e-b5f0-4115-b0f6-a014a23744d3, 0.8140, 0.5903, 0.1831, 1.5498, 1.2100, 0.3901, 63.39, 48.60, 0.00, 513, 393, 0, 19.6, 19.6, 19.6, 2000-00-00 01:11:13.330, 21.97, 10210.1.22,
 22:20:03.241,d3936a3e-b5f0-4115-b0f6-a014a23744d3, 0.8140, 0.5903, 0.1836, 1.5063, 1.1685, 0.3921, 63.00, 48.28, 0.00, 509, 390, 0, 19.6, 19.6, 19.6, 2000-00-00 01:11:13.415, 21.78, 10210.1.22,
 22:20:03.331,d3936a3e-b5f0-4115-b0f6-a014a23744d3, 0.8140, 0.5903, 0.1836, 1.5293, 1.1904, 0.3872, 63.53, 48.80, 0.00, 514, 394, 0, 19.6, 19.6, 19.6, 2000-00-00 01:11:13.505, 21.84, 10210.1.22,
 22:20:03.422,d3936a3e-b5f0-4115-b0f6-a014a23744d3, 0.8140, 0.5908, 0.1841, 1.5435, 1.1987, 0.3911, 63.70, 48.75, 0.00, 515, 394, 0, 19.6, 19.6, 19.6, 2000-00-00 01:11:13.595, 21.46, 10210.1.22,
 22:20:03.513,d3936a3e-b5f0-4115-b0f6-a014a23744d3, 0.8135, 0.5908, 0.1841, 1.5723, 1.1885, 0.3906, 63.88, 48.43, 0.00, 516, 391, 0, 19.6, 19.6, 19.6, 2000-00-00 01:11:13.685, 21.84, 10210.1.22,
 22:20:03.601,d3936a3e-b5f0-4115-b0f6-a014a23744d3, 0.8135, 0.5913, 0.1846, 1.5967, 1.2373, 0.4014, 64.60, 48.91, 0.00, 522, 395, 0, 19.6, 19.6, 19.6, 2000-00-00 01:11:13.775, 21.90, 10210.1.22,
 22:20:03.690,d3936a3e-b5f0-4115-b0f6-a014a23744d3, 0.8135, 0.5913, 0.1846, 1.5815, 1.2349, 0.3989, 64.19, 48.58, 0.00, 519, 393, 0, 19.6, 19.6, 19.6, 2000-00-00 01:11:13.865, 21.78, 10210.1.22,
 22:20:03.779,d3936a3e-b5f0-4115-b0f6-a014a23744d3, 0.8135, 0.5918, 0.1851, 1.5361, 1.1875, 0.3926, 62.88, 47.61, 0.00, 508, 385, 0, 19.6, 19.6, 19.6, 2000-00-00 01:11:13.955, 21.97, 10210.1.22,
 22:20:03.871,d3936a3e-b5f0-4115-b0f6-a014a23744d3, 0.8135, 0.5918, 0.1851, 1.5469, 1.1816, 0.3887, 63.06, 47.50, 0.00, 510, 384, 0, 19.6, 19.6, 19.6, 2000-00-00 01:11:14.045, 21.84, 10210.1.22,
 22:20:03.961,d3936a3e-b5f0-4115-b0f6-a014a23744d3, 0.8135, 0.5918, 0.1855, 1.5073, 1.1855, 0.3867, 61.29, 47.33, 0.00, 496, 383, 0, 19.6, 19.6, 19.6, 2000-00-00 01:11:14.135, 21.84, 10210.1.22,
 22:20:04.050,d3936a3e-b5f0-4115-b0f6-a014a23744d3, 0.8135, 0.5918, 0.1855, 1.4922, 1.1719, 0.3872, 62.52, 47.52, 0.00, 506, 384, 0, 19.6, 19.6, 19.6, 2000-00-00 01:11:14.225, 21.71, 10210.1.22,
 22:20:04.142,d3936a3e-b5f0-4115-b0f6-a014a23744d3, 0.8135, 0.5918, 0.1855, 1.4922, 1.1719, 0.3872, 62.52, 47.52, 0.00, 506, 384, 0, 19.6, 19.6, 19.6, 2000-00-00 01:11:14.315, 21.90, 10210.1.22,
 22:20:04.234,d3936a3e-b5f0-4115-b0f6-a014a23744d3, 0.8135, 0.5918, 0.1860, 1.4448, 1.1548, 0.3911, 62.41, 47.01, 0.00, 505, 380, 0, 19.6, 19.6, 19.6, 2000-00-00 01:11:14.405, 21.90, 10210.1.22,
 22:20:04.325,d3936a3e-b5f0-4115-b0f6-a014a23744d3, 0.8140, 0.5918, 0.1860, 1.4604, 1.1641, 0.3896, 63.10, 46.95, 0.00, 510, 379, 0, 19.6, 19.6, 19.6, 2000-00-00 01:11:14.500, 21.97, 10210.1.22,
 22:20:04.416,d3936a3e-b5f0-4115-b0f6-a014a23744d3, 0.8140, 0.5918, 0.1865, 1.5034, 1.1938, 0.3804, 63.45, 47.45, 0.00, 513, 384, 0, 19.6, 19.6, 19.6, 2000-00-00 01:11:14.590, 22.09, 10210.1.22,
 22:20:04.508,d3936a3e-b5f0-4115-b0f6-a014a23744d3, 0.8140, 0.5918, 0.1865, 1.5522, 1.2124, 0.3940, 63.85, 47.41, 0.00, 516, 383, 0, 19.6, 19.6, 19.6, 2000-00-00 01:11:14.680, 21.65, 10210.1.22,
 22:20:04.596,d3936a3e-b5f0-4115-b0f6-a014a23744d3, 0.8145, 0.5918, 0.1865, 1.5845, 1.2354, 0.3940, 64.41, 47.50, 0.00, 521, 384, 0, 19.6, 19.9, 19.6, 2000-00-00 01:11:14.770, 21.97, 10210.1.22,
 22:20:04.684,d3936a3e-b5f0-4115-b0f6-a014a23744d3, 0.8145, 0.5923, 0.1865, 1.5771, 1.2393, 0.3872, 64.23, 47.71, 0.00, 519, 386, 0, 19.6, 19.9, 19.6, 2000-00-00 01:11:14.860, 21.78, 10210.1.22,
 22:20:04.772,d3936a3e-b5f0-4115-b0f6-a014a23744d3, 0.8145, 0.5923, 0.1870, 1.6138, 1.2505, 0.3779, 64.67, 47.64, 0.00, 523, 385, 0, 19.6, 19.9, 19.6, 2000-00-00 01:11:14.950, 21.59, 10210.1.22,
 22:20:04.863,d3936a3e-b5f0-4115-b0f6-a014a23744d3, 0.8149, 0.5918, 0.1870, 1.5737, 1.1919, 0.3711, 63.68, 46.03, 0.00, 515, 372, 0, 19.6, 19.9, 19.6, 2000-00-00 01:11:15.035, 21.84, 10210.1.22,
 22:20:04.954,d3936a3e-b5f0-4115-b0f6-a014a23744d3, 0.8149, 0.5918, 0.1870, 1.4775, 1.1343, 0.3682, 62.05, 44.79, 0.00, 502, 362, 0, 19.6, 19.9, 19.6, 2000-00-00 01:11:15.125, 21.65, 10210.1.22,
 22:20:05.043,d3936a3e-b5f0-4115-b0f6-a014a23744d3, 0.8149, 0.5913, 0.1870, 1.4810, 1.1084, 0.3579, 61.98, 43.45, 0.00, 501, 351, 0, 19.6, 19.9, 19.6, 2000-00-00 01:11:15.220, 21.71, 10210.1.22,
 22:20:05.132,d3936a3e-b5f0-4115-b0f6-a014a23744d3, 0.8154, 0.5913, 0.1870, 1.5083, 1.1377, 0.3765, 62.90, 44.98, 0.00, 509, 364, 0, 19.6, 19.9, 19.6, 2000-00-00 01:11:15.305, 22.09, 10210.1.22,
 22:20:05.220,d3936a3e-b5f0-4115-b0f6-a014a23744d3, 0.8154, 0.5913, 0.1870, 1.5186, 1.1704, 0.3730, 63.09, 46.24, 0.00, 510, 374, 0, 19.6, 19.9, 19.6, 2000-00-00 01:11:15.395, 21.78, 10210.1.22,
 22:20:05.310,d3936a3e-b5f0-4115-b0f6-a014a23744d3, 0.8154, 0.5913, 0.1870, 1.5186, 1.1704, 0.3730, 63.09, 46.24, 0.00, 510, 374, 0, 19.6, 19.9, 19.6, 2000-00-00 01:11:15.485, 21.90, 10210.1.22,
 22:20:05.400,d3936a3e-b5f0-4115-b0f6-a014a23744d3, 0.8154, 0.5913, 0.1875, 1.4927, 1.1362, 0.3735, 62.87, 45.85, 0.00, 508, 371, 0, 19.6, 19.9, 19.6, 2000-00-00 01:11:15.575, 21.84, 10210.1.22,
 22:20:05.490,d3936a3e-b5f0-4115-b0f6-a014a23744d3, 0.8154, 0.5913, 0.1875, 1.5015, 1.1182, 0.3857, 62.85, 45.51, 0.00, 508, 368, 0, 19.6, 19.9, 19.6, 2000-00-00 01:11:15.665, 21.78, 10210.1.22,
 22:20:05.580,d3936a3e-b5f0-4115-b0f6-a014a23744d3, 0.8159, 0.5913, 0.1875, 1.4922, 1.1284, 0.3804, 62.76, 45.46, 0.00, 507, 367, 0, 19.6, 19.6, 19.6, 2000-00-00 01:11:15.755, 21.84, 10210.1.22,
 22:20:05.672,d3936a3e-b5f0-4115-b0f6-a014a23744d3, 0.8159, 0.5913, 0.1875, 1.4624, 1.1396, 0.3774, 62.25, 45.31, 0.00, 503, 366, 0, 19.6, 19.6, 19.6, 2000-00-00 01:11:15.845, 21.65, 10210.1.22,
 22:20:05.762,d3936a3e-b5f0-4115-b0f6-a014a23744d3, 0.8159, 0.5913, 0.1880, 1.4585, 1.1191, 0.3638, 62.55, 45.52, 0.00, 506, 368, 0, 19.6, 19.6, 19.6, 2000-00-00 01:11:15.935, 21.84, 10210.1.22,
 22:20:05.852,d3936a3e-b5f0-4115-b0f6-a014a23744d3, 0.8159, 0.5913, 0.1880, 1.4878, 1.1372, 0.3599, 62.69, 45.83, 0.00, 507, 370, 0, 19.6, 19.6, 19.6, 2000-00-00 01:11:16.025, 21.78, 10210.1.22,
 22:20:05.942,d3936a3e-b5f0-4115-b0f6-a014a23744d3, 0.8159, 0.5913, 0.1880, 1.4917, 1.1670, 0.3574, 62.55, 46.07, 0.00, 506, 372, 0, 19.6, 19.6, 19.6, 2000-00-00 01:11:16.115, 21.78, 10210.1.22,
 22:20:06.031,d3936a3e-b5f0-4115-b0f6-a014a23744d3, 0.8154, 0.5913, 0.1885, 1.4688, 1.1484, 0.3613, 62.13, 45.81, 0.00, 502, 370, 0, 19.6, 19.6, 19.6, 2000-00-00 01:11:16.205, 21.84, 10210.1.22,
 22:20:06.122,d3936a3e-b5f0-4115-b0f6-a014a23744d3, 0.8154, 0.5913, 0.1885, 1.5024, 1.1841, 0.3794, 62.88, 46.22, 0.00, 508, 374, 0, 19.6, 19.6, 19.6, 2000-00-00 01:11:16.295, 21.84, 10210.1.22,
 22:20:06.210,d3936a3e-b5f0-4115-b0f6-a014a23744d3, 0.8154, 0.5913, 0.1885, 1.5024, 1.1841, 0.3794, 62.88, 46.22, 0.00, 508, 374, 0, 19.6, 19.6, 19.6, 2000-00-00 01:11:16.385, 21.71, 10210.1.22,
 22:20:06.300,d3936a3e-b5f0-4115-b0f6-a014a23744d3, 0.8154, 0.5913, 0.1885, 1.5103, 1.1890, 0.3750, 62.74, 46.00, 0.00, 507, 372, 0, 19.6, 19.6, 19.6, 2000-00-00 01:11:16.475, 21.78, 10210.1.22,
 22:20:06.388,d3936a3e-b5f0-4115-b0f6-a014a23744d3, 0.8154, 0.5913, 0.1885, 1.4712, 1.1543, 0.3760, 61.39, 44.59, 0.00, 496, 360, 0, 19.6, 19.6, 19.6, 2000-00-00 01:11:16.565, 21.90, 10210.1.22,
 22:20:06.478,d3936a3e-b5f0-4115-b0f6-a014a23744d3, 0.8154, 0.5913, 0.1890, 1.4893, 1.1797, 0.3745, 60.69, 45.04, 0.00, 491, 364, 0, 19.6, 19.6, 19.6, 2000-00-00 01:11:16.655, 21.78, 10210.1.22,
 22:20:06.568,d3936a3e-b5f0-4115-b0f6-a014a23744d3, 0.8154, 0.5913, 0.1890, 1.5249, 1.2051, 0.3789, 60.12, 46.20, 0.00, 486, 373, 0, 19.6, 19.6, 19.6, 2000-00-00 01:11:16.745, 21.78, 10210.1.22,
 22:20:06.657,d3936a3e-b5f0-4115-b0f6-a014a23744d3, 0.8154, 0.5913, 0.1890, 1.6050, 1.2212, 0.3931, 63.18, 47.51, 0.00, 511, 384, 0, 19.6, 19.6, 19.6, 2000-00-00 01:11:16.830, 21.90, 10210.1.22,
 22:20:06.746,d3936a3e-b5f0-4115-b0f6-a014a23744d3, 0.8154, 0.5913, 0.1895, 1.6064, 1.1958, 0.3940, 64.30, 47.93, 0.00, 520, 387, 0, 19.6, 19.6, 19.6, 2000-00-00 01:11:16.920, 22.09, 10210.1.22,
 22:20:06.836,d3936a3e-b5f0-4115-b0f6-a014a23744d3, 0.8159, 0.5913, 0.1895, 1.5630, 1.1582, 0.3765, 64.00, 47.96, 0.00, 517, 388, 0, 19.6, 19.6, 19.6, 2000-00-00 01:11:17.010, 21.97, 10210.1.22,
 22:20:06.926,d3936a3e-b5f0-4115-b0f6-a014a23744d3, 0.8159, 0.5913, 0.1895, 1.5151, 1.1235, 0.3696, 63.30, 47.26, 0.00, 512, 382, 0, 19.6, 19.6, 19.6, 2000-00-00 01:11:17.100, 21.97, 10210.1.22,
 22:20:07.015,d3936a3e-b5f0-4115-b0f6-a014a23744d3, 0.8164, 0.5908, 0.1895, 1.5059, 1.1343, 0.3604, 61.99, 46.44, 0.00, 501, 375, 0, 19.6, 19.6, 19.6, 2000-00-00 01:11:17.190, 21.78, 10210.1.22,
 22:20:07.103,d3936a3e-b5f0-4115-b0f6-a014a23744d3, 0.8164, 0.5903, 0.1895, 1.4902, 1.1147, 0.3496, 61.72, 45.88, 0.00, 499, 371, 0, 19.6, 19.6, 19.6, 2000-00-00 01:11:17.280, 21.90, 10210.1.22,
 22:20:07.194,d3936a3e-b5f0-4115-b0f6-a014a23744d3, 0.8164, 0.5903, 0.1895, 1.4902, 1.1147, 0.3496, 61.72, 45.88, 0.00, 499, 371, 0, 19.6, 19.6, 19.6, 2000-00-00 01:11:17.370, 21.90, 10210.1.22,
 22:20:07.284,d3936a3e-b5f0-4115-b0f6-a014a23744d3, 0.8164, 0.5903, 0.1895, 1.4995, 1.0923, 0.3525, 61.43, 44.53, 0.00, 497, 360, 0, 19.6, 19.6, 19.6, 2000-00-00 01:11:17.460, 22.09, 10210.1.22,
 22:20:07.373,d3936a3e-b5f0-4115-b0f6-a014a23744d3, 0.8169, 0.5898, 0.1895, 1.3457, 0.9565, 0.3311, 58.57, 42.77, 0.00, 474, 346, 0, 19.6, 19.6, 19.6, 2000-00-00 01:11:17.550, 21.78, 10210.1.22,
 22:20:07.462,d3936a3e-b5f0-4115-b0f6-a014a23744d3, 0.8169, 0.5894, 0.1895, 1.0303, 0.7168, 0.3223, 55.04, 39.43, 0.00, 445, 319, 0, 19.6, 19.6, 19.6, 2000-00-00 01:11:17.635, 21.78, 10210.1.22,
 22:20:07.551,d3936a3e-b5f0-4115-b0f6-a014a23744d3, 0.8169, 0.5889, 0.1895, 0.8535, 0.6001, 0.3154, 52.99, 38.19, 0.00, 428, 309, 0, 19.6, 19.6, 19.6, 2000-00-00 01:11:17.725, 21.97, 10210.1.22,
 22:20:07.642,d3936a3e-b5f0-4115-b0f6-a014a23744d3, 0.8169, 0.5884, 0.1895, 0.7681, 0.5410, 0.3115, 52.20, 37.49, 0.00, 422, 303, 0, 19.6, 19.6, 19.6, 2000-00-00 01:11:17.815, 21.90, 10210.1.22,
 22:20:07.731,d3936a3e-b5f0-4115-b0f6-a014a23744d3, 0.8169, 0.5884, 0.1895, 0.7432, 0.5361, 0.3110, 51.86, 37.34, 0.00, 419, 302, 0, 19.6, 19.6, 19.6, 2000-00-00 01:11:17.905, 21.78, 10210.1.22,
 22:20:07.821,d3936a3e-b5f0-4115-b0f6-a014a23744d3, 0.8169, 0.5884, 0.1895, 0.7329, 0.5459, 0.3135, 51.97, 37.91, 0.00, 420, 306, 0, 19.6, 19.6, 19.6, 2000-00-00 01:11:17.995, 21.84, 10210.1.22,
 22:20:07.911,d3936a3e-b5f0-4115-b0f6-a014a23744d3, 0.8169, 0.5879, 0.1895, 0.7412, 0.5635, 0.3193, 52.49, 39.51, 0.00, 424, 319, 0, 19.6, 19.6, 19.6, 2000-00-00 01:11:18.085, 21.78, 10210.1.22,
 22:20:08.001,d3936a3e-b5f0-4115-b0f6-a014a23744d3, 0.8164, 0.5879, 0.1895, 0.7295, 0.5869, 0.3203, 52.94, 40.98, 0.00, 428, 331, 0, 19.6, 19.6, 19.6, 2000-00-00 01:11:18.175, 21.90, 10210.1.22,
 22:20:08.092,d3936a3e-b5f0-4115-b0f6-a014a23744d3, 0.8164, 0.5874, 0.1895, 0.7178, 0.5908, 0.3389, 52.76, 41.12, 0.00, 426, 332, 0, 19.6, 19.6, 19.6, 2000-00-00 01:11:18.265, 21.78, 10210.1.22,
 22:20:08.183,d3936a3e-b5f0-4115-b0f6-a014a23744d3, 0.8164, 0.5874, 0.1895, 0.7178, 0.5908, 0.3389, 52.76, 41.12, 0.00, 426, 332, 0, 19.6, 19.6, 19.6, 2000-00-00 01:11:18.355, 21.84, 10210.1.22,
